movie_id,Adventure,Animation,Comedy,Crime,Documentary,Drama,Family,Fantasy,History,Horror,Mystery,Romance,Science Fiction,Thriller,War,Western
858,0,0,1,0,0,1,0,0,0,0,0,1,0,0,0,0
593,1,0,0,0,0,1,0,0,0,0,0,0,1,0,0,0
1961,0,0,1,0,0,0,0,0,0,1,0,0,0,0,0,0
1419,0,0,1,0,0,1,0,0,0,0,0,0,0,0,0,0
213,0,0,0,0,0,0,0,0,0,0,1,0,0,1,0,0
3111,0,0,0,0,0,1,0,0,0,0,0,1,0,0,0,0
573,0,0,0,1,0,1,0,0,0,0,1,0,0,0,0,0
1734,1,0,0,0,0,0,0,1,0,0,0,0,0,0,0,0
2503,0,0,0,0,0,1,0,0,0,0,1,0,0,0,0,0
919,0,1,0,0,0,0,0,1,0,1,0,0,0,0,0,0
912,0,0,0,1,0,0,0,0,0,0,0,1,0,1,0,0
527,0,0,0,0,0,1,0,0,0,0,0,0,0,0,0,0
1252,0,0,0,1,0,1,0,0,0,0,0,0,0,1,0,0
649,0,0,0,0,0,1,0,0,0,0,0,1,0,0,0,0
318,0,0,0,0,0,1,0,0,0,0,0,0,0,1,0,0
608,1,0,1,0,0,0,0,0,0,0,0,0,0,0,0,0
2028,0,0,1,0,0,1,0,0,0,0,0,1,0,0,0,0
326,0,0,0,1,0,0,0,0,0,1,0,0,0,0,0,0
1649,1,0,1,0,0,0,1,0,0,0,0,0,0,0,0,0
17,0,0,0,0,0,0,0,0,0,1,1,0,0,1,0,0
2762,0,0,0,1,0,1,0,0,0,0,0,0,0,0,0,0
2692,0,0,0,0,1,0,0,0,0,0,0,0,0,0,0,0
300,0,0,1,0,0,1,0,1,0,0,0,0,0,0,0,0
1392,0,0,0,0,1,0,0,0,0,0,0,0,0,0,0,0
150,0,0,1,0,0,0,0,0,0,0,0,0,0,1,0,0
562,0,0,0,0,0,0,0,0,0,0,0,0,0,1,0,0
549,0,0,0,0,0,1,0,0,1,0,0,0,0,0,0,0
1554,0,0,1,1,0,1,0,0,0,0,0,0,0,0,0,0
265,0,0,0,0,0,1,0,0,0,0,0,1,0,0,1,0
866,0,0,0,0,0,1,0,0,0,0,0,0,0,0,0,0
1537,1,0,0,1,0,0,0,0,0,0,0,0,0,0,0,0
1358,0,0,0,0,1,0,0,0,0,0,0,0,0,0,0,0
235,0,0,0,1,0,1,0,0,0,0,0,0,0,0,0,0
247,0,0,0,0,0,1,0,0,0,0,0,0,0,1,0,0
162,0,0,0,0,0,1,0,1,0,0,0,1,0,0,0,0
348,0,0,0,0,0,0,0,0,0,1,0,0,0,1,0,0
508,0,0,1,0,0,1,0,0,0,0,0,1,0,0,0,0
58,1,0,0,0,0,0,0,1,0,0,0,0,0,0,0,0
1694,0,0,1,0,0,0,0,0,0,1,0,0,1,0,0,0
1834,0,0,0,1,0,1,0,0,0,0,1,0,0,0,0,0
111,0,0,0,1,0,1,0,0,0,0,0,0,0,0,0,0
290,0,0,1,0,0,1,0,0,0,0,0,0,0,0,0,0
2067,0,0,0,0,0,0,0,0,0,0,0,0,1,0,0,0
1641,0,0,1,0,0,0,0,0,0,0,0,1,0,0,0,0
947,1,0,0,0,0,1,0,0,1,0,0,0,0,0,0,0
3088,0,0,0,0,0,1,0,0,0,0,0,0,0,0,0,1
3022,0,0,0,0,0,1,0,0,0,1,0,0,1,0,0,0
3133,0,0,0,1,0,1,0,0,0,0,0,0,0,0,0,0
1294,0,0,0,0,0,1,0,0,0,0,0,0,0,0,0,0
1269,0,0,1,1,0,0,0,0,0,0,0,0,0,0,0,0
1244,0,0,1,0,0,1,0,0,0,0,0,0,0,0,0,0
955,1,0,0,0,0,0,0,0,0,0,0,0,0,1,0,0
2791,0,1,0,0,0,0,0,0,0,0,0,0,1,0,0,0
2300,0,1,1,0,0,1,0,0,0,0,0,0,0,0,0,0
951,0,0,1,0,0,0,0,0,0,0,0,0,0,0,0,0
3072,0,0,0,0,0,1,0,0,0,1,0,0,1,0,0,0
907,0,0,0,0,0,1,0,0,0,0,0,1,0,0,1,0
935,0,0,1,0,0,1,0,0,0,0,0,0,0,0,1,0
2671,0,0,0,0,0,0,0,0,0,1,0,0,0,1,0,0
3175,0,0,0,0,0,1,0,0,0,0,0,1,0,0,1,0
3035,0,0,0,0,0,1,0,0,0,1,0,0,1,0,0,0
1265,1,0,0,0,0,1,1,0,0,0,0,0,0,0,0,0
909,0,0,1,0,0,0,0,0,0,0,0,1,0,0,0,0
3396,0,0,1,0,1,0,0,0,0,0,0,0,0,0,0,0
911,0,0,1,0,0,0,0,0,0,0,0,0,0,0,0,0
1934,0,0,0,0,0,0,0,0,1,0,0,1,0,0,0,0
3037,0,0,0,0,0,1,0,0,0,0,0,1,0,0,0,0
471,0,0,0,0,0,1,0,0,0,0,0,0,0,0,0,0
916,0,0,0,1,0,1,0,0,0,0,0,0,0,0,0,0
2289,0,0,0,0,0,1,0,0,0,0,0,0,0,0,0,0
1125,0,0,0,0,0,1,0,0,0,0,0,0,0,0,0,0
3028,0,0,1,0,0,0,0,0,0,1,0,0,1,0,0,0
750,0,0,0,1,0,1,0,0,0,0,1,0,0,0,0,0
260,0,0,0,0,0,0,0,0,0,0,1,0,0,1,0,0
924,0,0,0,0,0,0,0,1,0,1,0,0,0,0,0,0
2087,0,0,0,0,0,1,0,0,0,0,0,0,0,1,0,0
914,0,0,1,0,0,0,0,0,0,0,0,0,0,0,0,0
2565,0,0,1,0,0,0,0,1,0,0,0,0,1,0,0,0
918,0,0,1,0,0,0,0,0,0,0,0,1,0,0,0,0
899,0,0,0,0,0,1,0,0,0,0,0,1,0,0,0,0
900,0,0,1,0,0,0,0,0,0,0,0,1,0,0,0,0
3549,0,0,0,0,0,1,0,0,0,0,0,0,0,0,0,0
364,0,0,0,0,0,0,0,1,0,0,0,0,0,0,0,0
963,0,0,0,1,0,0,0,0,0,0,1,0,0,1,0,0
1947,0,0,0,0,0,1,0,0,0,0,0,0,0,0,0,0
107,0,0,0,1,0,0,0,0,0,0,0,0,0,1,0,0
938,0,0,0,0,0,0,0,0,0,0,0,0,0,0,0,1
661,0,0,0,0,0,1,0,0,0,0,0,0,0,0,1,0
1088,0,0,0,0,0,1,1,0,0,0,0,0,0,0,0,0
901,0,0,1,0,0,1,0,0,0,0,0,1,0,0,0,0
783,0,0,0,0,0,1,0,0,1,0,0,0,0,0,0,0
2080,1,0,0,0,0,0,0,0,0,0,0,0,0,1,0,0
1416,0,0,0,0,0,1,0,0,0,0,0,0,0,1,0,0
903,0,0,0,1,0,1,0,0,0,0,0,0,0,0,0,0
913,0,0,0,1,0,1,0,0,0,0,0,1,0,0,0,0
1284,0,0,1,1,0,0,0,0,0,0,0,0,0,0,0,0
1964,0,0,0,0,0,1,0,0,0,0,0,0,0,0,0,0
950,0,1,1,0,0,0,1,0,0,0,0,0,0,0,0,0
942,1,0,1,0,0,0,0,0,0,0,0,0,0,0,0,0
1680,1,0,0,0,0,0,0,0,0,0,0,0,1,0,0,0
923,0,0,0,0,0,0,0,0,0,1,0,0,0,0,0,0
2019,1,0,0,1,0,0,0,0,0,0,0,0,0,0,0,0
920,1,1,1,0,0,0,0,0,0,0,0,0,0,0,0,0
1387,0,0,0,0,0,1,0,0,0,0,0,0,0,0,0,0
232,1,0,0,1,0,0,0,0,0,0,0,0,0,0,0,0
1882,0,0,0,0,0,1,0,0,0,0,0,0,0,0,0,0
702,0,0,0,0,0,1,0,0,0,0,0,0,0,0,0,0
1267,0,1,1,0,0,0,1,0,0,0,0,0,0,0,0,0
3543,0,0,1,0,0,1,0,0,0,0,0,0,0,0,0,0
1250,0,0,0,0,0,0,0,1,0,0,0,0,0,1,0,0
2132,0,0,1,0,0,0,0,0,0,0,0,0,0,0,0,0
1721,1,0,1,0,0,0,0,0,0,0,0,0,0,0,0,0
1883,0,0,0,0,0,1,0,0,1,0,0,0,0,0,0,0
2428,0,0,0,0,0,1,0,0,1,0,0,0,0,0,0,0
1945,0,0,0,0,0,1,0,0,0,0,0,0,0,1,0,0
1938,0,0,0,1,0,1,0,0,0,0,0,1,0,0,0,0
1949,0,0,0,1,0,1,0,0,0,0,1,0,0,0,0,0
2728,0,0,1,0,0,0,0,0,0,0,0,0,0,0,0,0
2699,0,0,0,0,0,1,0,0,0,0,0,1,0,0,0,0
2324,0,0,0,0,0,1,0,0,0,0,0,0,0,0,0,0
2501,0,0,0,0,0,1,0,0,0,0,1,0,0,0,0,0
2694,0,0,0,0,0,1,0,0,0,0,0,1,0,0,0,0
2433,0,0,0,0,0,1,0,0,0,0,0,1,0,0,0,0
2038,0,0,0,0,0,0,0,0,0,0,0,0,0,1,0,0
223,0,0,0,0,0,1,0,0,0,0,1,0,0,0,0,0
3016,0,0,0,0,0,1,0,0,0,1,0,0,1,0,0,0
2890,0,0,0,0,1,0,0,0,0,0,0,0,0,0,0,0
1941,0,0,0,0,0,1,0,0,1,0,0,0,0,0,0,0
1940,0,0,0,0,0,1,0,0,0,0,0,1,0,0,0,0
2722,0,0,0,0,0,1,0,0,0,0,0,1,0,0,0,0
2759,0,0,1,0,0,1,0,0,0,0,0,0,0,0,0,0
2546,0,0,1,0,0,0,0,1,0,0,0,0,0,0,0,0
2605,0,0,1,0,0,0,1,0,0,0,0,0,1,0,0,0
2575,0,0,0,0,0,1,0,0,0,0,0,0,0,1,0,0
1213,0,0,0,1,0,1,0,0,0,0,0,0,0,1,0,0
926,0,0,1,0,0,0,1,0,0,0,0,0,1,0,0,0
3051,0,0,0,1,0,0,0,0,0,1,1,0,0,0,0,0
3159,0,0,0,0,0,0,0,0,0,1,0,0,0,0,0,0
2757,0,0,1,1,0,1,0,0,0,0,0,0,0,0,0,0
1939,0,0,0,0,0,1,0,0,0,0,1,0,0,0,0,0
3526,0,0,0,0,0,1,0,0,0,0,0,0,0,0,0,0
2333,0,0,0,0,0,1,0,0,0,0,0,0,0,0,0,0
2690,0,0,1,0,0,0,0,0,0,0,0,1,0,0,0,0
407,0,0,0,0,0,1,0,0,0,0,0,0,0,1,0,0
3160,0,0,0,0,0,0,0,0,0,1,0,0,1,0,0,0
2882,0,0,0,0,0,1,0,0,0,0,0,1,0,0,0,0
2805,0,0,1,0,0,0,0,0,0,0,0,1,0,0,0,0
2734,0,0,0,0,0,1,0,0,1,0,0,0,0,0,0,0
2900,0,0,0,0,0,1,0,0,0,0,0,0,1,1,0,0
3053,0,0,1,0,0,0,0,0,0,1,0,0,0,0,0,0
949,0,0,0,1,0,1,0,0,0,0,0,0,0,0,0,0
296,0,0,0,0,0,0,0,0,0,0,0,0,1,1,0,0
1959,0,0,0,0,0,1,0,0,0,0,0,1,0,0,0,0
2502,0,0,0,0,0,1,0,0,0,0,0,0,0,1,0,0
2574,0,0,0,0,0,1,0,0,0,0,0,1,0,0,0,0
1956,1,0,0,0,0,1,0,0,0,0,1,0,0,0,0,0
299,0,0,1,0,0,0,0,0,0,0,0,0,0,1,0,0
24,0,0,0,1,0,0,0,0,0,0,0,0,0,0,0,0
2013,0,0,0,0,0,1,0,0,0,0,0,0,0,0,0,0
2758,0,0,1,0,0,0,1,1,0,0,0,0,0,0,0,0
2395,1,0,1,0,0,0,0,1,0,0,0,0,0,0,0,0
2093,0,0,0,0,0,0,0,0,0,1,0,0,0,1,0,0
3081,0,0,0,0,0,1,0,0,0,0,0,0,0,0,0,0
2841,0,0,0,0,0,1,0,0,0,0,0,0,0,0,0,0
3176,1,0,0,0,0,1,0,0,0,0,0,0,0,1,0,0
3114,0,0,0,0,0,0,0,0,0,0,0,0,0,0,0,1
1623,0,0,0,1,0,1,0,0,0,0,0,0,0,0,0,0
2701,0,0,0,0,0,1,0,0,0,0,0,0,0,0,0,0
3125,0,0,0,0,0,0,0,0,0,1,0,0,1,0,0,0
3179,0,1,1,0,0,0,0,0,0,0,0,0,0,0,0,0
2010,0,0,0,0,0,1,0,0,0,0,0,0,0,0,0,0
1413,0,0,0,0,0,1,0,0,0,0,0,1,0,0,0,0
2024,0,0,0,0,0,1,0,0,1,0,0,0,0,0,1,0
745,0,0,0,0,0,1,0,0,0,0,1,0,0,1,0,0
3149,0,0,0,1,0,0,0,0,0,1,0,0,1,0,0,0
1281,0,0,1,0,0,0,0,0,0,0,0,0,0,0,0,0
28,0,0,0,0,0,1,0,0,0,0,0,0,0,0,1,0
2360,0,0,1,1,0,0,0,0,0,0,0,0,0,0,0,0
1719,0,0,0,0,0,1,0,0,0,0,0,1,0,0,0,0
2972,0,0,0,0,0,0,0,0,0,1,0,0,1,1,0,0
541,0,0,0,1,0,1,0,0,0,0,0,1,0,0,0,0
2075,0,0,1,1,0,0,0,0,0,0,0,1,0,0,0,0
1248,0,0,0,1,0,1,0,0,0,0,0,0,0,1,0,0
902,1,0,0,0,0,0,0,1,0,0,0,0,1,0,0,0
25,0,0,0,0,0,1,0,0,0,0,0,0,0,0,1,0
898,0,0,0,0,0,1,0,0,0,0,0,0,0,0,0,0
922,0,0,0,0,0,1,0,1,0,0,0,0,0,0,0,1
1247,0,0,0,0,0,1,0,0,1,0,0,0,0,1,0,0
2186,0,0,0,0,0,0,0,0,0,1,0,0,0,0,0,0
2609,0,0,1,0,0,0,0,0,0,0,0,0,0,0,0,0
1412,0,0,0,0,0,1,0,0,0,0,0,0,0,0,0,0
2357,0,0,1,0,0,1,0,0,0,0,0,0,0,0,0,0
2648,0,0,0,0,0,0,0,0,0,0,0,0,0,0,0,0
2046,0,0,0,0,0,1,0,0,0,1,0,0,0,1,0,0
1584,0,0,1,0,0,0,0,0,0,0,0,0,0,0,0,0
480,0,0,1,0,0,1,0,0,0,0,0,1,0,0,0,0
800,0,0,0,1,0,1,0,0,0,0,0,0,0,0,0,0
1591,0,0,0,0,0,1,0,0,0,0,0,0,0,0,0,0
1372,0,0,0,0,0,1,0,0,0,0,0,0,0,1,0,0
504,0,0,0,1,0,1,0,0,0,0,0,0,0,0,0,0
1909,0,0,1,0,0,1,0,0,0,0,0,1,0,0,0,0
1653,0,0,0,0,0,1,0,0,0,0,0,0,0,0,0,0
1396,0,0,0,0,0,1,0,0,1,0,0,0,0,0,0,0
1580,0,0,0,1,0,1,0,0,0,0,1,0,0,0,0,0
329,1,0,0,0,0,0,0,0,0,0,0,0,1,0,0,0
788,0,0,1,0,0,1,1,0,0,0,0,0,0,0,0,0
512,0,0,1,0,0,0,0,0,0,0,1,0,0,0,0,0
3075,0,0,0,0,0,0,0,0,0,1,0,0,1,0,0,0
1690,0,0,0,0,0,0,0,0,0,1,0,0,0,0,0,0
338,0,0,1,0,0,1,0,0,0,0,0,1,0,0,0,0
1573,0,0,0,0,0,0,0,0,0,0,0,0,0,1,0,0
2973,1,0,0,0,0,1,0,0,0,0,0,0,1,0,0,0
185,0,0,0,0,0,1,0,0,0,0,0,0,1,0,0,0
1544,0,0,1,0,0,1,0,0,0,0,0,1,0,0,0,0
1391,0,0,0,0,0,1,0,0,0,0,0,1,0,0,0,0
1831,0,0,1,0,0,0,0,0,0,0,0,0,0,0,0,0
1885,0,0,0,0,0,1,0,0,0,0,0,0,0,0,0,0
1931,0,0,0,0,0,1,0,0,0,0,0,0,0,0,0,0
1779,0,0,0,0,1,0,0,0,1,0,0,0,0,0,0,0
405,0,0,0,0,0,1,0,0,0,0,0,0,0,0,0,0
1590,0,0,0,0,0,1,0,0,0,0,0,0,0,0,0,0
2020,0,0,1,0,0,0,0,0,0,0,0,0,0,0,0,0
66,0,0,0,1,0,1,0,0,0,0,0,0,0,1,0,0
256,0,0,0,0,0,1,0,0,0,0,0,0,0,0,0,0
176,0,0,0,1,0,0,0,0,0,1,1,0,0,0,0,0
1374,0,0,0,0,0,1,0,0,0,0,0,0,0,0,0,0
3527,0,0,0,0,0,1,0,0,0,0,0,0,0,0,0,0
1375,0,0,0,0,0,1,0,0,0,0,0,0,0,0,0,0
2455,0,0,1,1,0,1,0,0,0,0,0,0,0,0,0,0
1376,0,0,0,1,0,1,0,0,0,0,0,0,0,0,0,0
2140,0,0,0,1,0,0,0,0,0,0,0,0,0,1,0,0
2021,0,0,1,0,0,1,0,0,0,0,0,1,0,0,0,0
2117,0,0,0,0,0,1,0,0,1,0,0,0,0,0,0,0
2613,0,0,1,0,0,1,0,0,0,0,0,1,0,0,0,0
2105,0,0,1,0,0,0,0,0,0,0,0,1,0,0,0,0
2011,0,1,0,0,0,1,0,0,0,0,0,0,0,0,0,0
1253,0,0,0,0,0,1,0,0,0,0,0,1,0,0,0,0
2054,0,0,0,0,0,1,1,0,0,0,0,0,0,0,0,0
1965,0,0,0,1,0,1,0,0,0,0,0,0,0,1,0,0
1373,0,0,0,0,0,1,0,1,0,0,0,0,0,0,0,0
2642,0,0,1,0,0,0,0,0,0,0,0,1,0,0,0,0
3052,0,0,1,0,0,0,0,0,0,0,0,0,0,0,0,0
3090,1,0,0,0,0,1,0,0,0,0,0,0,0,0,0,0
1278,0,0,0,0,0,1,0,0,0,0,0,1,0,0,0,0
1254,0,0,0,0,0,1,0,0,0,0,0,0,0,0,0,0
599,0,0,0,0,0,1,0,0,0,0,0,0,0,0,0,0
306,0,0,1,1,0,0,0,0,0,0,0,0,0,0,0,0
3418,0,0,0,0,0,1,0,0,0,0,0,0,1,0,0,0
110,0,0,0,0,0,1,0,0,0,0,1,1,0,0,0,0
307,0,0,0,0,0,1,0,0,1,0,0,0,0,0,0,0
2064,0,0,1,0,0,1,0,0,0,0,0,1,0,0,0,0
1874,0,0,0,0,0,1,0,0,1,0,0,0,0,0,0,0
1957,0,0,0,0,0,1,0,0,0,0,0,0,0,1,0,0
967,0,0,0,0,0,1,0,0,1,0,0,0,0,0,0,0
249,0,0,1,0,0,1,0,0,0,0,0,0,0,1,0,0
778,0,0,1,0,0,0,1,0,0,0,0,0,0,0,0,0
1280,0,0,0,1,0,1,0,0,0,0,0,1,0,0,0,0
293,0,0,0,0,0,1,0,0,0,0,0,0,0,0,0,0
590,0,0,0,0,0,1,0,0,0,0,0,0,0,0,0,0
475,0,0,0,1,0,1,0,0,0,0,0,0,0,0,0,0
2291,0,0,0,0,0,1,0,0,0,1,1,0,0,0,0,0
194,0,0,1,0,0,0,0,0,0,0,0,1,0,0,0,0
337,0,0,0,0,0,1,0,0,0,0,0,0,0,0,0,0
62,1,0,0,0,0,0,0,0,0,0,1,0,1,0,0,0
3426,0,0,1,0,0,1,0,0,0,0,0,1,0,0,0,0
1268,0,0,1,0,0,0,1,0,0,0,0,0,0,0,0,0
11,1,0,0,0,0,0,0,0,0,0,0,0,1,0,0,0
1735,1,0,0,0,0,0,0,1,0,0,0,0,0,0,0,0
805,0,0,0,0,0,1,0,0,0,1,1,0,0,0,0,0
26,0,0,0,0,0,1,0,0,0,0,0,0,0,0,0,0
1727,1,0,1,0,0,0,0,0,0,0,0,0,0,0,0,0
280,0,0,0,0,0,0,0,0,0,0,0,0,1,1,0,0
1729,1,0,0,0,0,0,0,1,0,0,0,0,0,0,0,0
509,0,0,1,0,0,1,0,0,0,0,0,1,0,0,0,0
1918,0,0,0,0,0,1,0,0,0,0,0,0,0,0,0,0
224,0,0,0,0,0,1,0,0,1,0,0,0,0,0,0,0
320,0,0,0,1,0,0,0,0,0,0,1,0,0,1,0,0
1480,0,0,0,1,0,1,0,0,0,0,0,0,0,1,0,0
875,0,0,0,0,0,1,0,0,0,0,0,1,0,0,0,0
1260,1,1,1,0,0,0,0,0,0,0,0,0,0,0,0,0
1093,0,0,0,1,0,1,0,0,0,0,0,0,0,1,0,0
2441,0,0,0,0,0,1,0,0,0,0,0,0,0,0,0,0
2966,1,0,0,0,0,0,0,1,0,0,0,0,0,0,0,0
2002,0,0,0,0,0,1,0,0,0,0,0,1,0,0,0,0
851,0,0,0,0,0,1,0,0,0,0,0,1,0,0,0,0
350,0,0,1,0,0,1,0,0,0,0,0,1,0,0,0,0
2059,1,0,0,0,0,0,0,0,0,0,0,0,0,1,0,0
2288,0,0,0,0,0,1,0,0,0,0,0,1,0,0,0,0
940,0,0,0,0,0,0,0,0,0,0,1,0,0,1,0,0
921,0,0,0,0,0,1,0,0,1,0,0,1,0,0,0,0
253,1,0,0,0,0,0,0,0,0,0,0,0,0,1,0,0
605,1,0,0,0,0,0,0,0,0,0,0,0,0,1,0,0
1586,0,0,0,0,0,0,0,0,0,0,1,0,0,1,0,0
1259,0,0,0,0,0,1,0,0,0,0,0,1,0,0,0,0
30,0,1,0,0,0,0,0,0,0,0,0,0,1,0,0,0
766,0,0,1,0,0,0,0,1,0,1,0,0,0,0,0,0
1884,1,0,0,0,0,0,1,1,0,0,0,0,0,0,0,0
765,0,0,1,0,0,0,0,1,0,1,0,0,0,0,0,0
455,0,0,1,0,0,1,0,0,0,0,0,1,0,0,0,0
2313,0,0,1,0,0,1,0,0,0,0,0,1,0,0,0,0
1966,0,0,0,0,0,0,0,0,1,0,0,0,0,0,1,0
1282,0,0,0,0,1,0,0,0,0,0,0,0,0,0,0,0
308,0,0,1,0,0,1,0,0,0,0,1,0,0,0,0,0
169,0,0,0,0,0,0,0,0,0,0,0,0,1,1,0,0
1595,0,0,0,0,0,1,0,0,1,0,0,0,0,0,1,0
994,0,0,0,1,0,1,0,0,0,0,0,0,0,1,0,0
2102,1,0,0,0,0,1,0,0,0,0,0,0,0,0,0,0
594,0,0,1,0,0,1,0,0,0,0,0,0,0,0,0,0
3132,1,0,1,0,0,0,0,0,0,0,0,0,0,0,0,0
388,0,0,0,1,0,1,0,0,0,0,0,0,0,1,0,0
1954,0,0,0,0,0,0,0,0,0,0,0,0,1,1,0,0
1272,0,0,0,0,0,0,0,0,0,0,0,0,1,1,0,0
2302,0,0,0,0,0,1,0,0,0,0,0,0,0,0,0,0
1923,0,0,0,0,0,1,0,0,0,0,1,0,0,0,0,0
2662,0,0,0,0,0,0,0,0,0,1,0,0,0,0,0,0
440,0,0,0,0,0,0,0,1,0,0,0,0,1,0,0,0
2124,0,0,0,0,0,1,0,0,0,0,1,1,0,0,0,0
500,0,0,0,1,0,0,0,0,0,0,0,0,0,1,0,0
2108,0,0,1,0,0,1,0,0,0,0,0,0,0,0,0,0
2926,1,0,1,0,0,0,0,0,0,0,0,0,0,0,0,0
597,0,0,0,0,0,1,0,0,0,0,0,1,0,1,0,0
708,1,0,0,0,0,0,0,0,0,0,0,0,0,1,0,0
539,0,0,0,0,0,1,0,0,0,1,0,0,0,1,0,0
236,0,0,1,0,0,1,0,0,0,0,0,1,0,0,0,0
216,0,0,0,0,0,1,0,0,0,0,0,1,0,0,0,0
378,0,0,1,1,0,0,0,0,0,0,0,0,0,0,0,0
1713,0,0,0,0,0,1,0,0,0,0,0,1,0,0,0,0
333,0,0,1,0,0,1,0,0,0,0,0,0,0,0,0,0
5,0,0,1,1,0,0,0,0,0,0,0,0,0,0,0,0
830,1,0,0,0,0,0,0,0,0,0,0,0,1,0,0,0
2004,0,0,1,0,0,0,0,0,0,0,0,1,0,0,0,0
231,0,0,0,0,0,1,0,0,0,0,0,0,0,1,0,0
1914,0,0,1,0,0,0,0,0,0,0,0,0,0,0,0,0
1367,0,0,0,0,0,1,0,0,0,0,0,0,0,0,0,0
252,0,0,0,0,0,0,1,1,0,0,0,0,0,0,0,0
784,0,0,1,0,0,1,0,0,0,0,0,0,0,0,0,0
585,0,1,1,0,0,0,1,0,0,0,0,0,0,0,0,0
1379,0,0,0,1,0,1,0,0,0,0,0,0,0,0,0,0
3086,0,0,1,0,0,0,0,0,0,0,0,1,0,0,0,0
466,0,0,0,0,0,0,0,0,0,0,1,0,0,0,0,0
1702,0,0,0,0,0,0,0,0,0,1,0,0,1,0,0,0
186,0,0,0,1,0,1,0,0,0,0,0,0,0,1,0,0
673,1,0,0,0,0,0,1,1,0,0,0,0,0,0,0,0
344,0,0,1,1,0,0,0,0,0,0,0,0,0,0,0,0
1689,0,0,0,0,0,1,0,0,1,0,0,0,0,0,0,0
2266,0,0,0,0,0,1,0,0,0,0,0,1,0,0,0,0
3,0,0,1,0,0,1,0,0,0,0,0,0,0,0,0,0
537,0,0,0,0,0,1,0,0,0,0,0,1,0,0,0,0
1494,0,0,0,0,0,1,0,1,0,0,0,0,0,0,0,0
153,0,0,0,0,0,1,0,0,0,0,0,0,0,0,0,0
2335,0,0,1,0,0,0,0,0,0,0,0,0,0,0,0,0
818,0,0,1,1,0,0,0,0,0,0,0,0,1,0,0,0
1581,0,0,1,0,0,0,0,0,0,0,0,1,0,0,0,0
1863,0,0,0,0,0,1,0,0,0,0,0,0,0,0,1,0
2016,0,0,0,0,0,1,0,0,1,0,0,0,0,0,1,0
637,0,0,1,0,0,1,0,0,0,0,0,0,0,0,0,0
688,0,0,0,0,0,1,0,0,0,0,0,1,0,0,0,0
2042,0,0,0,0,0,1,0,0,1,0,0,0,0,0,1,0
437,0,0,0,0,0,0,0,0,0,0,1,0,1,1,0,0
429,0,0,0,0,0,0,0,0,0,0,0,0,0,0,0,1
2152,0,0,0,0,1,0,0,0,0,0,0,0,0,0,0,0
870,0,0,0,0,0,1,0,0,0,0,0,1,0,0,0,0
1731,0,0,0,0,0,1,0,0,0,0,0,0,0,0,0,0
3146,0,0,0,0,0,0,0,0,0,1,0,0,1,0,0,0
123,0,1,0,0,0,1,0,1,0,0,0,0,0,0,0,0
3104,0,0,0,0,0,0,0,0,0,1,0,0,1,0,0,0
2000,1,0,0,0,0,1,0,0,1,0,0,0,0,0,0,0
1127,0,0,0,0,0,1,0,0,0,0,0,0,0,0,0,0
457,0,0,1,0,0,1,0,0,0,0,0,1,0,0,0,0
592,0,0,0,1,0,1,0,0,0,0,1,0,0,0,0,0
1408,1,0,0,0,0,0,0,0,0,0,0,0,0,0,0,0
349,0,0,1,0,0,0,0,0,0,0,0,0,0,0,0,0
1608,0,0,0,0,0,1,0,0,0,0,0,0,0,0,0,0
380,0,0,0,0,0,1,0,0,0,0,0,0,0,0,0,0
292,0,0,1,0,1,0,0,0,0,0,0,0,0,0,0,0
1676,0,0,0,0,0,0,0,0,0,0,0,1,0,0,0,1
3210,0,0,0,0,0,0,0,0,0,1,0,0,1,0,0,0
1273,1,1,1,0,0,0,0,0,0,0,0,0,0,0,0,0
339,0,0,1,0,0,1,0,0,0,0,0,0,0,0,0,0
2349,0,0,0,0,0,1,0,0,0,0,0,0,0,0,0,0
1394,0,0,0,0,0,1,0,0,0,0,0,1,0,0,0,0
1090,0,0,0,0,0,0,0,0,0,0,1,0,1,1,0,0
1975,0,0,0,0,0,0,0,0,0,1,0,0,0,1,0,0
1285,0,0,1,1,0,0,0,0,0,0,0,0,0,0,0,0
2348,0,0,1,0,0,0,0,0,0,0,0,0,0,0,0,0
2312,1,0,0,0,0,0,0,1,0,0,0,0,0,0,0,0
1246,0,0,0,0,0,1,0,0,0,0,0,0,0,0,0,0
2750,0,0,1,0,0,1,0,0,0,0,0,0,0,0,0,0
3101,0,0,1,1,0,0,0,0,0,0,0,0,0,0,0,0
2100,0,0,0,0,0,1,0,0,0,0,0,0,0,1,0,0
1124,0,0,0,0,0,1,0,0,0,0,1,0,0,1,0,0
2463,0,0,0,0,0,1,0,0,0,0,0,0,0,1,0,0
2989,1,0,0,0,0,0,0,0,0,0,0,0,0,1,0,0
2286,1,0,0,0,0,0,0,1,1,0,0,0,0,0,0,0
2003,0,0,0,0,0,1,0,0,0,0,0,0,0,0,0,0
1991,0,0,0,0,0,0,0,0,0,0,0,0,0,1,0,0
2134,1,0,0,0,0,0,0,1,0,0,0,0,0,1,0,0
2111,0,0,0,0,0,1,0,0,0,0,0,0,0,0,0,0
1587,0,0,0,0,0,1,0,0,0,0,0,1,0,0,0,0
588,0,0,0,0,0,0,0,0,0,1,1,0,0,0,0,0
2089,0,0,0,0,0,0,0,0,0,0,0,0,0,1,0,0
680,0,0,0,1,0,0,0,0,0,0,0,0,0,1,0,0
2241,0,0,1,0,0,0,0,0,0,0,0,0,0,0,0,0
1091,0,0,0,0,0,0,0,0,0,1,1,0,1,0,0,0
1846,0,0,0,1,0,1,0,0,0,0,1,0,0,0,0,0
2321,0,0,1,1,0,0,0,0,0,0,0,1,0,0,0,0
272,0,0,0,1,0,1,0,0,0,0,0,0,0,0,0,0
2160,1,0,0,0,0,1,0,0,0,0,0,0,1,0,0,0
2085,0,0,0,1,0,0,0,0,0,0,0,0,0,1,0,0
862,0,1,1,0,0,0,1,0,0,0,0,0,0,0,0,0
1912,0,0,1,0,0,1,0,0,0,0,0,0,0,0,0,0
3097,0,0,0,0,0,1,0,0,1,0,0,0,0,0,1,0
3089,0,0,0,0,0,0,0,0,0,0,0,0,0,0,0,1
3011,0,0,1,0,0,0,0,0,0,0,0,0,0,0,0,0
948,0,0,0,0,0,0,0,0,0,1,0,0,0,1,0,0
2104,0,0,0,0,0,0,0,0,0,1,0,0,0,1,0,0
596,0,0,0,0,0,1,0,0,0,0,0,0,0,0,0,0
441,0,0,1,0,0,1,0,0,0,0,0,0,0,0,0,0
628,0,0,0,0,0,0,0,0,0,1,0,1,0,0,0,0
892,0,0,1,0,0,0,0,1,0,0,0,0,1,0,0,0
2687,0,0,1,0,0,0,0,1,0,0,0,0,1,0,0,0
2176,0,0,0,0,0,1,0,0,0,0,0,0,0,1,0,0
2611,0,0,1,0,0,0,0,0,0,0,0,1,0,0,0,0
2018,0,0,1,0,0,0,0,0,0,0,0,0,0,0,0,0
2001,0,0,0,1,0,1,0,0,0,0,0,0,0,1,0,0
1597,0,0,1,0,0,0,0,0,0,0,0,1,0,0,0,0
1673,0,0,0,0,0,0,0,0,0,0,0,0,0,0,0,1
840,0,0,0,0,0,1,0,0,0,0,0,0,1,0,0,0
2359,0,0,0,0,1,0,0,0,0,0,0,0,0,0,0,0
2287,0,0,0,0,1,0,0,0,0,0,0,0,0,0,0,0
2355,0,0,0,0,0,1,0,0,0,0,0,0,0,0,0,0
1610,0,0,1,0,0,0,0,0,0,0,0,1,0,0,0,0
2118,0,0,0,1,0,1,0,0,0,0,1,0,0,0,0,0
1955,0,0,0,0,0,1,0,0,1,0,0,0,0,0,0,0
534,0,0,0,0,0,0,0,0,0,0,0,0,1,1,0,0
319,0,0,0,1,0,0,0,0,0,0,0,0,0,1,0,0
1907,1,0,0,0,0,1,0,0,0,0,0,1,0,0,0,0
1678,0,0,0,0,0,0,0,0,0,1,0,0,1,1,0,0
497,0,0,0,1,0,1,0,1,0,0,0,0,0,0,0,0
428,0,0,0,0,0,1,0,0,0,0,0,1,0,0,0,0
943,1,0,1,0,0,0,0,0,0,0,0,0,0,0,0,0
2071,0,0,0,0,0,0,0,0,0,0,1,0,0,1,0,0
1968,0,0,1,0,0,1,0,0,0,0,0,1,0,0,0,0
1921,0,0,0,0,0,1,0,0,0,0,0,1,0,0,0,0
2157,1,0,0,0,0,0,1,0,0,0,0,0,1,0,0,0
1611,0,0,1,0,0,1,0,0,0,0,0,0,0,0,0,0
6,0,0,0,1,0,0,0,0,0,0,0,0,0,1,0,0
1393,0,0,0,0,1,1,0,0,0,0,0,0,0,0,0,0
2362,1,0,0,0,0,1,0,0,0,0,0,0,0,0,0,0
345,0,0,0,0,0,1,0,0,0,0,1,0,0,0,0,0
2048,0,0,0,0,0,0,0,0,0,0,0,0,1,0,0,0
1730,0,0,0,0,0,1,0,0,0,1,1,0,0,0,0,0
281,0,0,0,1,0,1,0,0,0,0,0,0,1,0,0,0
454,0,0,0,0,0,1,0,0,0,0,0,1,0,0,0,0
1994,1,0,0,0,0,0,0,0,0,1,0,0,0,1,0,0
2109,0,0,1,1,0,0,0,0,0,0,0,0,0,0,0,0
2155,0,0,0,0,0,0,0,0,0,0,0,0,0,1,0,0
531,0,1,1,0,0,0,1,0,0,0,0,0,0,0,0,0
558,1,0,0,0,0,0,0,1,0,0,0,0,0,0,0,0
342,0,0,1,0,0,1,0,0,0,0,0,0,0,0,0,0
1546,0,0,1,0,0,1,0,0,0,0,0,0,0,0,0,0
1643,0,0,0,0,0,1,0,0,0,0,0,1,0,0,0,0
910,0,0,0,1,0,1,0,0,0,0,1,0,0,0,0,0
671,1,0,0,0,0,0,1,1,0,0,0,0,0,0,0,0
1073,0,0,0,0,0,1,0,0,0,0,1,0,0,1,0,0
553,0,0,0,1,0,1,0,0,0,0,0,0,0,1,0,0
968,0,0,0,1,0,1,0,0,0,0,0,0,0,1,0,0
1648,1,0,1,0,0,0,0,0,0,0,0,0,1,0,0,0
2640,0,0,1,0,0,1,0,0,0,0,0,0,0,1,0,0
2116,0,0,0,1,0,1,0,0,0,0,0,0,0,1,0,0
780,0,0,0,0,0,1,0,0,1,0,0,0,0,0,0,0
2528,0,0,0,0,0,1,0,0,0,0,0,1,0,0,0,0
246,1,0,0,0,0,1,0,0,0,0,0,0,0,0,0,0
316,0,0,1,0,0,1,0,0,0,0,0,0,0,0,0,0
965,0,0,0,0,0,1,0,0,0,0,0,1,0,0,0,0
928,0,0,1,0,0,0,0,1,0,1,0,0,0,0,0,0
1249,0,0,0,1,0,1,0,0,0,0,0,0,0,1,0,0
2012,0,0,0,0,0,1,0,0,0,0,0,0,0,0,0,0
1371,0,0,0,0,0,1,0,0,0,0,0,0,0,0,0,0
196,1,0,1,0,0,0,1,0,0,0,0,0,0,0,0,0
1089,0,0,0,1,0,0,0,0,0,0,0,0,0,1,0,0
931,0,0,0,0,0,1,0,0,0,1,0,0,0,1,0,0
3033,0,0,0,0,0,1,0,0,0,0,0,0,0,0,0,0
2094,0,0,0,0,0,1,0,0,0,0,0,1,0,0,0,0
1407,0,0,0,0,0,1,0,0,0,0,0,1,0,0,0,0
173,1,0,0,0,0,1,0,0,0,0,0,0,1,0,0,0
1917,0,0,0,0,0,0,0,0,0,0,0,0,0,1,0,0
442,0,0,1,0,0,1,0,0,0,0,0,0,0,0,0,0
2034,0,0,0,1,0,1,0,0,0,0,0,0,0,0,0,0
1732,1,0,1,0,0,0,0,0,0,0,0,0,0,0,0,0
377,0,0,0,0,0,0,0,0,0,1,0,0,0,0,0,0
905,0,0,0,0,0,1,0,0,0,0,0,1,0,1,0,0
327,0,0,0,1,0,1,0,0,0,0,0,0,0,1,0,0
2517,0,0,0,0,0,1,0,0,0,0,0,0,0,0,0,0
3479,0,0,0,1,0,0,0,0,0,0,0,0,0,1,0,0
2193,0,0,1,0,0,1,0,0,0,0,0,1,0,0,0,0
2,0,0,0,1,0,1,0,0,0,0,0,0,0,0,0,0
1967,0,0,0,0,0,1,0,0,0,0,0,1,0,0,0,0
2143,0,0,0,0,0,1,0,0,0,0,0,1,0,0,1,0
2161,1,0,0,0,0,0,0,0,0,0,0,0,1,0,0,0
2239,0,0,1,0,0,1,0,0,0,0,0,0,0,1,0,0
653,0,0,0,0,0,0,0,1,0,1,0,0,0,0,0,0
3489,0,0,0,1,0,0,0,0,0,0,1,0,0,1,0,0
1126,0,0,0,0,0,1,0,0,0,0,0,0,0,1,0,0
2253,0,0,0,0,0,1,0,0,1,0,0,0,0,1,0,0
837,0,0,0,0,0,0,0,0,0,1,1,0,1,0,0,0
1963,0,0,0,0,0,1,0,0,0,0,0,1,0,0,0,0
1566,0,0,0,0,0,1,0,0,1,0,0,0,0,0,1,0
3591,1,0,0,0,0,0,0,1,0,0,0,0,0,0,0,0
2912,0,0,0,0,0,1,0,0,0,0,0,0,0,1,0,0
2959,0,0,1,0,0,0,0,0,0,0,0,0,0,0,0,0
1792,0,0,1,0,0,0,0,0,0,0,0,0,0,0,0,0
2894,0,0,0,0,0,1,0,0,1,0,0,0,0,0,1,0
2334,0,0,1,0,0,0,0,0,0,0,0,0,0,0,0,0
165,1,0,1,0,0,0,1,0,0,0,0,0,0,0,0,0
227,0,0,0,1,0,1,0,0,0,0,0,0,0,0,0,0
861,1,0,0,0,0,0,0,0,0,0,0,0,1,0,0,0
1429,0,0,0,1,0,1,0,0,0,0,0,0,0,0,0,0
1370,1,0,0,0,0,0,0,0,0,0,0,0,0,1,0,0
2133,0,0,0,0,0,1,0,0,0,0,0,0,0,0,0,0
1366,0,0,0,0,0,1,0,0,0,0,0,0,0,0,0,0
2363,0,0,0,0,0,1,0,0,0,0,0,0,0,0,0,0
2527,0,0,0,0,0,1,0,0,0,0,0,0,0,1,0,0
2454,1,0,0,0,0,0,1,1,0,0,0,0,0,0,0,0
2657,0,0,1,0,0,1,0,1,0,0,0,0,0,0,0,0
2009,0,0,0,0,0,1,0,0,0,0,0,0,0,0,0,0
426,0,0,0,0,0,0,0,0,0,0,1,1,0,1,0,0
1924,1,0,0,0,0,0,0,1,0,0,0,0,0,0,0,0
674,1,0,0,0,0,0,1,1,0,0,0,0,0,0,0,0
2082,0,0,0,0,0,0,0,0,0,1,0,0,0,0,0,0
1644,0,0,0,0,0,1,0,0,0,0,1,0,0,1,0,0
1266,0,0,0,1,0,1,0,0,0,0,0,0,0,0,0,0
2668,0,0,0,0,0,1,0,1,0,0,0,0,0,1,0,0
2787,0,0,0,0,0,0,0,0,0,0,0,0,1,1,0,0
1970,0,0,0,0,0,0,0,0,0,1,1,0,0,1,0,0
2148,0,0,0,1,0,1,0,0,0,0,0,0,0,0,0,0
1995,1,0,0,0,0,0,0,1,0,0,0,0,0,0,0,0
1986,0,0,0,0,0,1,0,0,0,0,0,0,0,0,0,0
1969,0,0,1,0,0,0,0,0,0,0,0,0,0,0,0,1
1988,0,0,0,0,0,1,0,0,0,0,0,0,0,1,0,0
1976,0,0,0,0,0,1,0,0,0,0,0,1,0,0,0,0
1978,0,0,0,0,0,0,0,0,0,0,0,0,0,1,0,0
2460,0,0,0,0,0,1,0,0,0,0,0,1,1,0,0,0
2122,0,0,1,1,0,0,0,0,0,0,0,0,0,1,0,0
1985,0,0,0,0,0,1,0,0,0,0,1,0,0,1,0,0
1987,0,0,0,1,0,1,0,0,0,1,0,0,0,0,0,0
1977,0,0,0,0,0,0,0,0,0,1,1,0,0,1,0,0
70,0,0,0,0,0,1,0,0,0,0,0,0,0,0,0,0
2617,0,0,1,0,0,0,0,0,0,0,0,0,0,0,0,0
1717,0,0,0,0,0,1,0,0,0,0,0,0,0,1,0,0
1771,1,0,0,0,0,0,0,0,0,0,0,0,1,0,0,0
273,0,0,0,0,0,1,0,0,0,0,0,0,0,0,0,0
532,0,1,1,0,0,0,1,0,0,0,0,0,0,0,0,0
2898,0,0,1,0,0,0,0,0,0,0,0,1,0,0,0,0
2107,0,0,1,0,0,1,0,1,0,0,0,0,0,0,0,0
152,1,0,0,0,0,0,0,0,0,0,1,0,1,0,0,0
177,0,0,1,0,0,1,0,0,0,0,0,0,0,0,0,0
1999,0,0,0,0,0,1,0,0,0,0,0,0,0,1,0,0
2125,0,0,0,0,0,0,0,0,0,0,0,0,1,1,0,0
1059,1,0,0,0,0,1,0,0,0,0,0,0,0,0,0,0
543,0,0,0,1,0,1,0,0,0,0,0,0,0,1,0,0
587,1,0,0,0,0,1,0,1,0,0,0,0,0,0,0,0
105,1,0,1,0,0,0,0,0,0,0,0,0,1,0,0,0
802,0,0,0,0,0,1,0,0,0,0,0,1,0,0,0,0
2297,0,0,1,0,0,1,0,0,0,0,1,0,0,0,0,0
1722,0,0,0,0,0,1,0,0,1,0,0,1,0,0,0,0
468,0,0,0,0,0,1,0,0,0,0,0,1,0,0,0,0
222,0,0,0,0,1,0,0,0,1,0,0,0,0,0,0,0
266,0,0,0,0,0,1,0,0,0,0,0,0,0,0,0,0
1541,0,0,0,1,0,1,0,0,0,0,0,0,0,1,0,0
1629,0,0,1,0,0,1,0,0,0,0,0,0,0,0,0,0
1441,0,0,0,0,0,1,0,0,0,0,0,0,0,1,0,0
140,0,0,0,1,0,1,0,0,0,0,0,1,0,0,0,0
1593,1,0,1,0,0,0,0,0,0,0,0,0,0,0,0,0
691,1,0,0,0,0,0,0,0,0,0,0,0,0,1,0,0
550,0,0,0,0,0,1,0,0,0,0,0,0,0,0,0,0
237,0,0,0,1,0,1,0,0,0,0,0,0,0,1,0,0
289,0,0,0,0,0,1,0,0,0,0,0,1,0,0,0,0
1894,1,0,0,0,0,0,0,0,0,0,0,0,1,0,0,0
207,0,0,0,0,0,1,0,0,0,0,0,0,0,0,0,0
182,0,0,0,1,0,1,0,0,0,0,0,0,0,0,1,0
168,1,0,0,0,0,0,0,0,0,0,0,0,1,0,0,0
195,0,0,1,0,0,0,0,0,0,0,0,1,0,0,0,0
499,0,0,1,0,0,1,0,0,0,0,0,0,0,0,0,0
1479,0,0,0,1,0,1,0,0,0,0,0,0,0,0,0,0
179,0,0,0,1,0,0,0,0,0,0,0,0,0,1,0,0
64,0,0,0,0,0,1,0,0,0,0,0,1,0,0,0,0
258,0,0,1,0,0,1,0,0,0,0,0,1,0,0,0,0
15,0,0,0,0,0,1,0,0,0,0,1,0,0,0,0,0
427,0,0,1,0,0,0,0,0,0,0,0,0,0,0,0,0
1556,0,0,0,0,0,1,0,0,0,0,0,0,0,0,0,0
1483,0,0,0,0,0,0,0,1,0,1,0,0,0,0,0,0
218,0,0,0,0,0,0,0,0,0,0,0,0,1,1,0,0
2770,0,0,1,0,0,0,0,0,0,0,0,1,0,0,0,0
1911,1,0,0,0,0,0,0,1,0,0,0,0,0,0,0,0
3405,0,0,1,0,0,1,0,0,0,0,0,1,0,0,0,0
3107,0,0,0,0,0,0,0,0,0,0,0,0,1,1,0,0
2058,0,0,1,0,0,0,0,0,0,0,0,1,0,0,0,0
3082,0,0,1,0,0,1,0,0,0,0,0,0,0,0,0,0
648,0,0,0,0,0,1,0,1,0,0,0,1,0,0,0,0
21,0,0,0,0,1,0,0,0,0,0,0,0,0,0,0,0
490,0,0,0,0,0,1,0,1,0,0,0,0,0,0,0,0
2115,0,0,0,0,0,1,0,0,0,0,0,0,0,0,0,0
1552,0,0,1,0,0,1,1,0,0,0,0,0,0,0,0,0
2006,0,0,1,0,0,0,0,1,0,0,0,1,0,0,0,0
145,0,0,0,0,0,1,0,0,0,0,0,1,0,0,0,0
2990,0,0,0,1,0,0,0,0,0,0,0,0,0,1,0,0
494,1,0,0,0,0,0,0,0,0,0,0,0,0,1,0,0
303,0,0,0,0,0,1,0,0,0,0,0,1,0,1,0,0
552,0,0,1,0,0,1,0,0,0,0,0,1,0,0,0,0
1687,0,0,0,0,0,0,0,0,0,0,0,0,1,0,0,0
786,0,0,0,0,0,1,0,0,0,0,0,0,0,0,0,0
434,0,0,0,0,0,1,0,0,0,0,0,0,0,1,0,0
1488,0,0,1,0,0,1,0,0,0,0,0,0,0,0,0,0
459,0,0,0,0,0,1,0,0,0,0,0,1,0,0,0,0
1833,0,0,0,0,0,1,0,0,0,0,0,1,0,0,0,0
1616,0,0,1,0,0,0,0,0,0,0,0,0,0,0,0,0
379,0,0,0,1,0,1,0,0,0,0,0,0,0,1,0,0
479,1,0,0,1,0,0,0,0,0,0,0,0,0,0,0,0
170,0,0,0,0,0,0,0,0,0,1,0,0,1,1,0,0
986,0,0,1,0,0,1,0,0,1,0,0,0,0,0,0,0
2069,0,0,1,1,0,0,0,0,0,0,0,0,0,0,0,0
1639,1,0,0,0,0,0,0,0,0,0,0,0,0,1,0,0
425,0,1,1,0,0,0,1,0,0,0,0,0,0,0,0,0
535,0,0,0,0,0,1,0,0,0,0,0,1,0,0,0,0
803,0,0,0,0,1,0,0,0,1,0,0,0,0,0,1,0
2442,0,0,0,0,0,1,0,0,0,0,0,0,0,1,0,0
1785,0,0,1,0,0,0,0,0,0,0,0,1,0,0,0,0
71,0,0,1,0,0,1,0,0,0,0,0,0,0,0,0,0
1810,0,0,0,0,0,1,0,0,1,0,0,0,0,0,0,1
1872,1,0,0,0,0,0,0,0,0,1,0,0,0,0,0,0
298,0,0,0,1,0,0,0,0,0,0,0,0,0,1,0,0
1809,0,0,1,0,0,1,0,0,0,0,0,1,0,0,0,0
476,0,0,0,1,0,1,0,0,0,0,0,0,0,0,0,0
2331,0,0,0,0,0,1,0,0,1,0,0,0,0,0,0,0
2114,1,1,0,0,0,0,0,0,0,0,0,0,0,0,0,0
993,0,0,0,0,0,0,0,0,0,0,1,0,0,1,0,0
315,0,0,0,1,0,0,0,0,0,0,0,0,0,0,0,0
3397,0,0,0,0,0,1,0,0,0,0,0,0,0,0,0,0
172,1,0,0,0,0,0,0,0,0,0,0,0,1,0,0,0
204,1,0,0,0,0,1,0,0,0,0,0,0,0,1,0,0
2282,0,0,0,0,0,1,0,0,0,0,0,1,0,0,0,0
1642,0,0,0,1,0,1,0,0,0,0,1,0,0,0,0,0
205,0,0,0,0,0,1,0,0,1,0,0,0,0,0,1,0
160,0,0,0,0,1,0,0,0,0,0,0,0,0,0,0,0
694,0,0,0,0,0,0,0,0,0,1,0,0,0,1,0,0
1497,1,0,0,0,0,0,0,0,0,0,0,0,1,0,0,0
502,0,0,0,0,0,1,0,0,1,0,0,0,0,1,0,0
546,0,0,0,0,0,1,0,0,0,0,0,0,0,0,0,0
1626,0,0,0,0,0,1,0,0,0,0,0,0,0,0,0,0
183,1,0,1,0,0,1,0,0,0,0,0,0,0,0,0,0
2097,0,0,0,0,0,0,0,0,0,1,0,0,1,0,0,0
2268,1,0,0,0,0,0,0,1,0,0,0,0,0,0,0,0
2330,0,0,1,1,0,0,0,0,0,0,0,0,0,0,0,0
1888,0,0,1,0,0,0,0,0,0,0,0,1,0,0,0,0
2077,0,0,1,0,0,0,0,0,0,0,0,0,0,0,0,0
1645,0,0,0,1,0,1,0,0,0,0,0,0,0,1,0,0
1620,0,0,0,1,0,1,0,0,0,0,0,0,0,0,0,0
1958,0,0,1,0,0,0,0,0,0,0,0,0,0,1,0,0
22,1,0,0,0,0,0,0,1,0,0,0,0,0,0,0,0
1598,0,0,0,1,0,0,0,0,0,0,0,0,0,1,0,0
762,1,0,1,0,0,0,0,1,0,0,0,0,0,0,0,0
81,1,1,0,0,0,0,0,1,0,0,0,0,0,0,0,0
3112,0,0,0,1,0,0,0,0,0,0,0,0,0,1,0,0
3079,0,0,0,0,0,0,0,0,0,1,0,0,1,0,0,0
2294,0,0,1,0,0,0,0,0,0,0,0,0,0,0,0,0
991,0,0,0,0,0,1,0,0,0,0,0,0,1,0,0,0
1633,0,0,1,0,0,1,0,0,0,0,0,0,0,0,0,0
2112,0,0,0,0,0,1,0,0,0,0,0,0,0,1,0,0
262,0,0,1,0,0,1,0,0,0,0,0,0,0,0,0,0
1788,0,0,0,0,0,1,1,0,0,0,0,0,0,0,0,0
2144,0,0,1,1,0,0,0,0,0,0,0,0,0,0,0,0
1619,0,0,0,1,0,1,0,0,0,0,0,0,0,0,0,0
3576,0,0,0,0,0,1,0,0,0,0,0,0,0,1,0,0
1427,0,0,0,1,0,1,0,1,0,0,0,0,0,0,0,0
574,1,0,0,1,0,1,0,0,0,0,0,0,0,0,0,0
261,0,0,0,0,0,1,0,0,0,0,0,1,0,0,0,0
241,0,0,0,1,0,1,0,0,0,0,0,0,0,1,0,0
2470,0,0,1,0,0,1,0,0,0,0,0,1,0,0,0,0
431,0,0,0,0,0,0,0,0,0,0,1,0,1,1,0,0
340,0,0,1,0,0,1,0,0,0,0,0,0,0,0,0,0
1092,0,0,0,0,0,0,0,0,0,0,1,0,0,1,0,0
1405,0,0,0,0,0,1,0,0,1,0,0,0,0,0,0,0
3014,0,0,0,0,0,0,0,0,0,0,0,0,0,1,0,0
1858,1,0,0,0,0,0,0,0,0,0,0,0,1,0,0,0
988,0,0,0,0,0,1,0,0,0,0,0,0,0,1,0,0
1049,0,0,0,0,0,1,0,0,0,0,1,0,0,1,0,0
187,0,0,0,1,0,0,0,0,0,0,0,0,0,1,0,0
16,0,0,0,1,0,1,0,0,0,0,0,0,0,0,0,0
1683,0,0,0,0,0,0,0,0,0,1,0,0,0,1,0,0
1913,0,0,0,0,0,1,0,0,0,0,0,0,0,0,0,0
492,0,0,1,0,0,1,0,1,0,0,0,0,0,0,0,0
2779,0,0,1,1,0,0,0,0,0,0,1,0,0,0,0,0
808,1,1,1,0,0,0,0,0,0,0,0,0,0,0,0,0
2262,0,0,0,1,0,1,0,0,0,0,0,0,0,0,0,0
2168,0,0,0,0,0,1,0,0,0,0,0,0,0,0,0,0
3034,0,0,1,0,0,0,0,0,0,0,0,0,1,0,0,0
1542,0,0,1,1,0,0,0,0,0,0,0,0,0,0,0,0
700,1,0,0,0,0,0,0,0,0,0,0,0,0,1,0,0
3173,0,0,0,1,0,0,0,0,0,0,0,0,0,1,0,0
410,0,0,1,0,0,1,0,0,0,0,0,0,0,0,0,0
3102,0,0,0,0,0,1,0,0,0,0,0,0,0,0,0,0
1365,0,0,0,0,0,1,0,0,0,0,0,1,0,0,0,0
317,0,0,0,0,0,1,0,0,1,0,0,0,0,0,0,0
488,1,0,0,0,0,0,0,0,0,0,0,1,0,0,1,0
707,1,0,0,0,0,0,0,0,0,0,0,0,0,1,0,0
1783,0,0,1,0,0,1,0,0,0,0,0,0,0,0,0,0
435,1,0,0,0,0,0,0,0,0,0,0,0,1,0,0,0
692,0,0,1,1,0,0,0,0,0,1,0,0,0,0,0,0
880,0,0,1,0,0,1,0,0,0,0,0,0,0,0,0,0
3573,0,0,1,0,0,1,0,0,0,0,0,1,0,0,0,0
2091,0,0,0,1,0,0,0,0,0,0,0,0,0,1,0,0
3574,0,0,0,0,0,0,0,0,0,1,0,0,0,1,0,0
1588,0,0,1,0,0,0,0,0,0,0,0,0,0,0,0,0
59,0,0,0,1,0,1,0,0,0,0,0,0,0,1,0,0
2371,0,0,0,0,0,1,0,0,0,0,0,0,0,1,0,0
1562,0,0,0,0,0,0,0,0,0,1,0,0,1,1,0,0
524,0,0,0,1,0,1,0,0,0,0,0,0,0,0,0,0
381,0,0,0,1,0,1,0,0,0,0,1,0,0,0,0,0
2752,0,0,1,0,0,0,0,0,0,0,0,1,0,0,0,0
112,0,0,1,0,0,1,0,0,0,0,0,1,0,0,0,0
1615,0,0,1,0,0,0,0,0,0,0,0,0,0,0,0,0
577,0,0,1,0,0,1,0,1,0,0,0,0,0,0,0,0
1377,0,0,1,0,0,1,1,0,0,0,0,0,0,0,0,0
761,0,0,1,0,0,0,0,0,0,0,0,0,0,0,0,0
849,1,0,0,0,0,0,0,1,0,0,0,0,0,0,0,0
2322,0,0,1,1,0,1,0,0,0,0,0,0,0,0,0,0
464,0,0,1,0,0,1,0,0,0,0,0,1,0,0,0,0
836,0,0,0,0,0,1,0,0,0,0,0,1,0,0,0,0
2153,0,0,0,1,0,1,0,0,0,0,0,0,0,0,0,0
141,0,0,0,0,0,1,0,1,0,0,1,0,0,0,0,0
2748,0,0,0,0,0,1,0,0,0,0,0,1,0,0,0,0
3512,0,0,0,0,0,0,0,0,0,0,0,0,0,1,0,0
932,0,0,0,0,0,1,0,0,0,0,0,0,0,0,0,0
996,0,0,0,0,0,1,0,0,0,0,1,0,0,1,0,0
95,0,0,0,0,0,0,0,0,0,0,0,0,1,1,0,0
1382,0,0,1,0,0,1,0,0,0,0,0,0,0,0,0,0
1499,1,0,1,0,0,0,0,0,0,0,0,0,0,0,0,0
3093,0,0,0,1,0,0,0,0,0,0,1,0,0,1,0,0
1283,0,0,1,1,0,0,0,0,0,0,0,0,0,0,0,0
714,1,0,0,0,0,0,0,0,0,0,0,0,0,1,0,0
1378,0,0,1,0,0,1,0,0,0,0,0,1,0,0,0,0
2993,0,0,0,0,0,0,0,0,0,0,1,0,0,1,0,0
1772,0,0,0,0,0,1,0,0,0,0,0,0,0,0,0,0
2616,0,0,1,0,0,1,1,0,0,0,0,0,0,0,0,0
462,0,0,0,0,0,1,0,0,0,0,0,0,0,0,0,0
1262,0,0,1,0,0,1,0,1,0,0,0,0,0,0,0,0
314,0,0,0,1,0,0,0,0,0,0,0,0,0,0,0,0
3168,0,0,0,0,0,1,0,0,0,0,0,0,0,0,0,0
158,0,0,1,1,0,0,0,0,0,0,0,0,0,0,0,0
2088,0,0,0,1,0,1,0,0,0,0,0,0,0,0,0,0
2043,0,0,0,1,0,0,0,0,0,0,1,0,0,1,0,0
595,0,0,0,1,0,1,0,0,0,0,0,0,0,0,0,0
2761,0,0,0,0,0,0,0,0,0,0,0,0,0,1,0,0
2015,0,0,0,0,0,1,0,0,0,0,0,0,0,0,0,0
2014,0,0,0,0,0,1,0,0,0,0,0,0,0,0,0,0
586,0,0,1,0,0,1,0,0,0,0,0,0,0,0,0,0
2098,0,0,1,0,0,1,0,0,0,0,0,0,0,0,0,0
2204,0,0,0,0,0,1,0,0,0,0,0,0,0,0,0,0
164,0,0,1,0,0,1,0,0,0,0,0,1,0,0,0,0
2110,0,0,1,0,0,1,0,0,0,0,0,0,0,0,0,0
1791,0,0,0,0,0,1,0,0,0,0,0,1,0,0,0,0
2023,1,0,0,0,0,0,0,0,0,0,0,0,0,0,0,1
3529,0,0,1,1,0,0,0,0,0,0,1,0,0,0,0,0
3083,0,0,1,0,0,1,0,0,0,0,0,0,0,0,0,0
946,0,0,0,0,0,1,0,0,0,0,0,0,0,0,0,0
1948,0,0,0,1,0,0,0,0,0,0,0,0,0,1,0,0
2721,0,0,0,0,0,1,0,0,1,0,0,0,0,1,0,0
2907,0,0,1,0,0,0,0,1,0,1,0,0,0,0,0,0
2057,0,0,0,0,0,0,0,0,0,0,0,0,0,1,0,0
936,0,0,1,1,0,0,0,0,0,0,0,0,0,0,0,0
3060,0,0,0,0,0,1,0,0,0,0,0,1,0,0,1,0
481,0,0,0,0,0,1,0,0,0,0,0,0,0,0,0,0
3061,0,0,0,0,0,1,0,0,0,0,0,0,0,0,0,0
248,0,0,1,0,0,1,0,0,0,0,0,0,0,0,0,0
489,0,0,0,0,0,1,0,0,0,0,0,0,0,0,0,0
3118,0,0,1,0,0,0,0,0,0,1,0,0,0,0,0,0
953,0,1,0,0,0,0,1,0,0,0,0,0,0,0,0,0
2383,1,0,0,0,0,1,1,0,0,0,0,0,0,0,0,0
639,0,0,1,0,0,1,0,0,0,0,0,1,0,0,0,0
2290,0,0,1,0,0,1,0,0,1,0,0,0,0,0,0,0
156,0,0,1,0,0,1,0,0,0,0,0,1,0,0,0,0
551,1,0,0,0,0,0,0,0,0,0,0,0,0,0,0,0
1380,0,0,0,0,0,1,0,0,0,0,0,0,0,0,0,0
2261,0,0,0,0,1,0,0,0,0,0,0,0,0,0,0,0
838,0,0,1,0,0,1,0,0,0,0,0,0,0,0,0,0
2295,0,0,1,0,0,0,0,0,0,0,0,0,0,0,0,0
3087,0,0,0,0,0,1,0,0,0,0,0,0,0,0,0,0
1485,0,0,0,1,0,0,0,0,0,0,0,0,0,1,0,0
2539,0,0,1,0,0,0,0,0,0,0,0,0,0,0,0,0
2567,0,0,0,0,0,1,0,0,0,0,0,0,0,0,0,0
2469,0,0,1,1,0,1,0,0,0,0,0,0,0,0,0,0
1440,0,0,0,0,0,1,0,0,0,0,0,1,0,0,0,0
1646,0,0,0,1,0,1,0,0,0,0,0,0,0,0,0,0
2891,0,0,0,0,0,1,0,0,0,0,0,0,0,0,0,0
2259,0,0,0,0,0,1,0,0,0,0,0,1,0,0,0,0
19,0,0,0,0,0,1,0,0,0,0,0,0,1,0,0,0
1381,1,0,0,0,0,1,0,0,0,0,0,0,1,0,0,0
3074,0,0,0,0,0,0,0,1,0,1,0,0,1,0,0,0
2621,0,0,1,0,0,1,0,0,0,0,0,1,0,0,0,0
73,0,0,0,0,0,1,0,0,0,0,0,0,0,0,0,0
954,1,0,0,0,0,0,0,0,0,0,0,0,0,1,0,0
1997,1,0,0,0,0,1,1,0,0,0,0,0,0,0,0,0
1873,0,0,0,0,0,1,0,0,0,0,0,0,0,1,0,0
1682,0,0,0,0,0,0,0,1,0,0,0,0,1,0,0,0
2154,0,0,0,0,0,0,0,0,0,1,0,0,0,1,0,0
832,0,0,0,0,0,1,0,0,0,0,0,0,0,1,0,0
114,0,0,1,0,0,0,0,0,0,0,0,1,0,0,0,0
1271,1,0,0,0,0,0,0,0,0,0,0,0,0,0,1,0
225,0,0,0,0,0,1,0,0,1,0,0,0,0,0,0,0
2269,0,0,0,0,0,0,0,1,0,1,0,0,0,0,0,0
233,0,0,0,0,0,1,0,0,0,0,0,0,0,0,0,0
1835,0,0,0,1,0,0,0,0,0,0,1,0,0,1,0,0
3073,0,0,1,0,0,0,0,0,0,1,0,0,0,0,0,0
1666,0,0,0,0,1,0,0,0,0,0,0,0,0,0,0,0
2292,0,0,1,0,0,0,0,0,0,0,0,0,0,0,0,0
565,0,0,0,0,0,0,0,0,0,1,1,0,0,0,0,0
842,0,0,0,0,0,1,0,0,1,0,0,0,0,1,0,0
3476,0,0,0,0,0,1,0,0,0,0,0,1,0,0,0,0
742,0,0,1,0,0,1,0,0,0,0,0,1,0,0,0,0
879,1,0,1,0,0,0,0,1,0,0,0,0,0,0,0,0
799,0,0,0,0,0,0,1,0,0,0,0,0,0,0,0,0
330,1,0,0,0,0,0,0,0,0,0,0,0,1,0,0,0
2459,0,0,1,0,0,0,0,0,0,0,0,0,0,0,0,0
220,0,0,0,0,0,1,0,0,0,0,0,0,0,0,0,0
2149,0,0,0,0,0,1,0,0,0,0,0,1,0,1,0,0
3024,0,0,0,0,0,1,0,0,0,0,0,0,1,1,0,0
2163,0,0,0,0,0,1,0,0,0,0,0,0,0,1,0,0
3036,0,0,0,0,0,1,0,0,0,1,0,0,1,0,0,0
2370,0,0,0,0,0,1,0,0,0,0,1,0,0,0,0,0
3062,0,0,1,0,0,0,0,0,0,0,0,1,0,0,0,0
288,0,0,0,0,0,0,0,0,0,0,0,0,0,0,0,1
20,0,0,0,0,0,1,0,0,0,0,0,1,0,0,0,0
2789,0,0,0,0,0,0,0,0,0,0,0,0,1,0,0,0
2655,0,0,0,0,0,1,0,0,0,1,1,0,0,0,0,0
1984,0,0,0,0,0,1,0,0,0,0,0,0,1,0,0,0
2005,0,0,1,0,0,0,0,0,0,0,0,0,0,0,0,0
2252,0,0,0,1,0,0,0,0,0,0,1,0,0,1,0,0
2033,0,0,0,0,0,1,0,0,0,0,0,1,0,0,0,0
2139,1,0,0,0,0,1,0,0,0,0,0,0,0,0,0,0
2123,0,0,1,0,0,0,0,0,0,0,0,0,0,0,0,0
678,0,0,0,0,0,1,0,0,0,0,1,0,0,1,0,0
1635,0,0,0,0,0,0,0,0,0,0,0,0,1,1,0,0
1411,0,0,0,0,0,1,0,0,0,0,1,0,0,0,0,0
2022,0,0,1,0,0,0,0,0,0,0,0,1,0,0,0,0
2577,0,0,0,0,0,1,0,0,0,0,0,1,1,0,0,0
1950,0,0,0,0,0,1,0,0,0,0,0,1,0,0,0,0
1651,0,0,0,1,0,1,0,0,0,0,0,1,0,0,0,0
2166,0,0,1,1,0,0,0,0,0,0,0,1,0,0,0,0
2162,0,0,1,0,0,0,0,0,0,0,0,0,0,1,0,0
501,0,0,0,0,1,0,0,0,0,0,0,0,0,0,0,0
1892,1,0,0,0,0,0,0,0,0,0,0,0,1,0,0,0
138,0,0,0,0,0,0,0,0,0,0,0,0,0,0,0,0
3547,0,0,0,0,0,1,0,0,0,0,0,1,0,1,0,0
85,1,0,0,0,0,0,0,0,0,0,0,0,0,0,0,0
2284,0,0,1,0,0,0,0,0,0,0,0,0,0,0,0,0
662,0,0,0,0,0,0,0,0,0,0,0,1,1,0,0,0
229,0,0,0,0,0,0,0,0,0,1,0,0,1,0,0,0
259,0,0,1,0,0,1,0,0,0,0,0,1,0,0,0,0
180,0,0,0,0,0,0,0,0,0,0,0,0,1,1,0,0
104,0,0,0,0,0,1,0,0,0,0,0,0,0,1,0,0
542,0,0,0,0,0,1,0,0,0,0,0,1,0,0,0,0
1410,0,0,1,0,0,0,0,0,0,0,0,0,1,0,0,0
746,0,0,0,0,0,1,0,0,1,0,0,0,0,0,0,0
2119,1,0,0,0,0,0,0,0,0,0,0,0,0,0,0,0
2788,0,0,0,0,0,1,0,0,0,0,0,0,0,0,0,0
2457,0,0,0,0,0,1,0,0,0,0,0,1,0,0,0,0
2525,0,0,0,0,0,1,0,0,0,0,0,0,0,0,0,0
3040,0,0,0,0,0,0,0,1,0,0,0,0,0,1,0,0
69,0,0,0,0,0,1,0,0,0,0,0,1,0,0,0,0
433,0,0,1,0,0,0,1,1,0,0,0,0,0,0,0,0
513,0,0,0,0,0,1,0,0,0,0,0,1,0,0,0,0
2587,0,0,0,0,0,1,0,0,1,0,0,0,0,0,1,0
198,0,0,1,0,0,0,0,0,0,0,0,0,0,0,1,0
163,0,0,0,1,0,0,0,0,0,0,0,0,0,1,0,0
387,0,0,0,0,0,1,0,0,1,0,0,0,0,0,0,0
886,0,0,0,0,0,1,0,0,0,0,0,0,0,0,0,0
1672,1,0,0,0,0,0,0,0,0,0,0,0,0,1,0,0
80,0,0,0,0,0,1,0,0,0,0,0,1,0,0,0,0
3469,0,0,0,0,0,1,0,0,0,0,0,1,0,0,0,0
668,1,0,0,0,0,0,0,0,0,0,0,0,0,1,0,0
363,0,0,0,0,0,1,0,0,0,0,0,1,0,0,0,0
86,0,0,0,0,0,1,0,0,0,0,0,1,0,0,0,0
2861,0,0,1,0,0,1,0,0,0,0,0,1,0,0,0,0
3513,1,0,0,0,0,1,0,0,0,0,0,0,0,0,0,0
3019,0,0,0,0,0,0,0,0,0,1,0,0,1,0,0,0
55,0,0,0,0,0,1,0,0,0,0,0,0,0,1,0,0
2860,0,0,0,0,0,1,0,0,0,0,0,1,0,0,0,0
2072,0,0,0,0,0,0,0,0,0,0,0,0,1,1,0,0
2397,0,0,0,0,0,0,0,0,0,0,0,0,1,0,0,0
2749,0,0,0,1,0,0,0,0,0,0,0,0,0,1,0,0
1251,1,0,0,0,0,1,0,0,0,0,0,0,0,0,0,0
3076,0,0,0,0,0,0,0,1,0,1,0,0,1,0,0,0
154,1,0,0,0,0,0,0,0,0,0,0,0,1,0,0,0
1362,1,1,0,0,0,0,1,0,0,0,0,0,0,0,0,0
2925,0,0,1,0,0,0,0,0,0,0,0,0,0,0,0,0
3536,0,0,0,0,0,1,0,0,0,0,0,0,0,1,0,0
1547,0,0,1,0,0,0,0,0,0,1,0,0,0,0,0,0
1487,0,0,0,0,0,0,0,1,0,0,0,0,1,0,0,0
1895,1,0,0,0,0,0,0,0,0,0,0,0,1,0,0,0
3478,0,0,0,0,0,1,0,0,1,0,0,0,0,0,0,0
3480,0,0,0,0,0,1,0,0,1,0,0,0,0,0,0,0
1920,0,0,0,1,0,1,0,0,0,0,0,0,0,1,0,0
1848,0,0,0,1,0,0,0,0,0,0,1,0,0,0,0,0
1583,0,0,1,0,0,0,0,0,0,0,0,0,0,0,0,0
159,0,0,1,0,0,1,0,0,0,0,0,0,0,0,0,0
507,0,0,0,1,0,1,0,0,0,0,0,0,0,0,0,0
929,0,0,0,0,0,0,0,0,0,0,0,0,1,1,0,0
506,0,0,0,1,0,1,0,0,0,0,1,0,0,0,0,0
14,0,0,0,0,0,1,0,0,0,0,0,0,0,0,0,0
1103,0,0,0,0,0,0,0,0,0,0,0,0,1,0,0,0
2232,0,0,0,0,0,1,0,0,0,0,0,1,0,0,0,0
2800,0,0,1,0,0,0,0,0,0,0,0,0,0,0,0,0
2078,0,0,1,0,0,0,0,0,0,0,0,0,0,0,0,0
161,0,0,0,1,0,0,0,0,0,0,0,0,0,1,0,0
1279,0,0,0,0,0,1,0,0,0,0,0,0,0,0,0,0
144,0,0,0,0,0,1,0,1,0,0,0,1,0,0,0,0
647,1,1,0,0,0,0,0,0,0,0,0,0,0,0,0,0
1359,0,0,0,1,0,1,0,0,0,0,0,0,0,1,0,0
2665,0,0,1,0,0,0,0,0,0,0,0,0,0,0,0,0
423,0,0,0,0,0,1,0,0,0,0,0,0,0,0,1,0
1667,0,0,0,0,1,0,1,0,0,0,0,0,0,0,0,0
2928,0,0,1,0,0,1,0,1,0,0,0,0,0,0,0,0
1422,0,0,0,1,0,1,0,0,0,0,0,0,0,1,0,0
2135,1,0,0,0,0,0,0,0,0,0,0,0,1,0,0,0
533,1,1,1,0,0,0,0,0,0,0,0,0,0,0,0,0
13,0,0,1,0,0,1,0,0,0,0,0,1,0,0,0,0
801,0,0,1,0,0,1,0,0,0,0,0,0,0,0,1,0
1417,0,0,0,0,0,1,0,1,0,0,0,0,0,0,1,0
199,1,0,0,0,0,0,0,0,0,0,0,0,1,0,0,0
1665,0,0,0,0,0,1,0,0,0,0,0,0,0,0,0,0
2977,0,0,0,0,0,1,0,0,0,0,0,1,0,0,0,0
415,0,0,0,1,0,0,0,1,0,0,0,0,0,0,0,0
87,1,0,0,0,0,0,0,0,0,0,0,0,0,0,0,0
2974,0,0,0,1,0,1,0,0,0,1,0,0,0,0,0,0
2566,0,0,0,0,0,1,0,0,0,0,0,0,0,0,0,0
747,0,0,1,0,0,0,0,0,0,1,0,0,0,0,0,0
1942,0,0,0,0,0,0,0,0,0,0,1,0,0,1,0,0
2612,0,0,1,0,0,0,0,1,0,0,0,0,1,0,0,0
917,0,0,0,0,0,1,0,0,0,0,0,0,0,0,0,0
1946,0,0,0,0,0,0,0,0,0,0,0,0,1,1,0,0
1944,0,0,0,0,0,1,0,0,0,0,0,0,0,0,0,0
82,1,0,0,1,0,0,0,0,0,0,0,0,0,0,0,0
2969,0,0,0,0,0,1,0,1,0,0,0,0,1,0,0,0
3134,0,0,0,1,0,1,0,0,0,0,0,1,0,0,0,0
670,0,0,0,0,0,1,0,0,0,0,1,0,0,1,0,0
3030,0,0,0,0,0,0,0,1,0,0,0,0,1,1,0,0
2731,0,0,0,0,0,1,0,0,0,0,0,1,0,0,0,0
681,1,0,0,0,0,0,0,0,0,0,0,0,0,1,0,0
1927,0,0,0,0,0,1,0,0,0,0,0,0,1,0,0,0
2202,1,0,0,0,0,1,1,0,0,0,0,0,0,0,0,0
934,0,0,0,1,0,1,0,0,0,0,0,0,0,0,0,0
976,0,0,0,0,0,1,0,0,0,0,0,0,0,0,0,0
897,0,0,0,0,0,1,0,0,0,0,0,0,0,0,0,0
1277,0,0,0,0,0,1,0,0,0,0,0,1,0,0,0,0
2929,0,0,0,0,0,0,0,0,0,1,0,0,1,0,0,0
2212,0,0,0,0,0,1,0,0,0,1,0,0,0,0,0,0
941,1,0,1,0,0,0,0,0,0,0,0,0,0,0,0,0
616,0,0,0,0,0,1,0,0,0,0,0,0,0,0,1,0
1840,0,0,0,1,0,0,0,0,0,0,0,0,0,0,0,0
12,0,1,0,0,0,0,1,0,0,0,0,0,0,0,0,0
1609,0,0,1,0,0,0,0,0,0,0,0,0,0,0,0,0
982,0,0,0,0,0,0,0,0,0,0,1,0,0,1,0,0
1245,0,0,0,0,0,1,0,0,0,0,0,1,0,0,0,0
1933,0,0,0,0,0,1,0,0,0,1,1,0,0,0,0,0
944,1,0,1,0,0,0,0,0,0,0,0,0,0,0,0,0
1951,0,0,0,0,0,1,0,0,0,0,0,0,0,0,0,0
3110,0,0,0,0,0,1,0,0,0,0,0,0,0,0,0,1
171,0,0,1,0,0,0,0,0,0,0,0,0,0,0,0,0
581,1,0,0,0,0,1,0,0,0,0,0,0,0,0,0,1
309,0,0,0,0,0,1,0,0,0,0,0,0,0,0,0,0
277,0,0,0,0,0,0,0,1,0,0,0,0,0,1,0,0
147,0,0,0,0,0,1,0,0,0,0,0,0,0,0,0,0
564,1,0,0,0,0,0,0,1,0,0,0,0,0,0,0,0
1589,0,0,1,0,0,0,0,0,0,0,0,1,0,0,0,0
2927,0,0,0,0,0,0,0,0,0,0,0,0,1,0,0,0
523,0,0,0,0,0,1,0,0,0,1,0,0,0,0,0,0
2171,0,0,1,0,0,0,0,0,0,0,0,0,0,0,0,0
1624,0,0,1,0,0,0,0,0,0,0,0,0,0,0,0,0
322,0,0,0,1,0,1,0,0,0,0,0,0,0,1,0,0
848,0,0,0,0,0,0,0,1,0,0,0,0,0,0,0,0
271,1,0,0,0,0,1,0,1,0,0,0,0,0,0,0,0
1836,0,0,0,0,0,1,0,0,0,1,0,0,0,0,0,0
35,0,1,1,0,0,0,1,0,0,0,0,0,0,0,0,0
1816,0,0,0,0,0,1,0,0,0,0,0,0,0,0,0,0
1051,0,0,0,1,0,0,0,0,0,0,0,0,0,1,0,0
408,0,1,0,0,0,0,1,1,0,0,0,0,0,0,0,0
580,1,0,0,0,0,0,0,0,0,0,0,0,0,1,0,0
632,0,0,1,0,0,1,0,0,0,0,0,0,0,0,1,0
92,0,0,0,0,1,0,0,0,0,0,0,0,0,0,0,0
3010,0,0,0,0,0,1,0,0,1,0,0,0,0,0,1,0
2310,1,1,0,0,0,0,0,0,0,0,0,0,0,0,0,0
621,0,0,0,0,0,0,0,0,0,0,0,1,0,0,0,0
1023,0,0,1,1,0,1,0,0,0,0,0,0,0,0,0,0
1844,0,0,0,0,0,1,0,0,0,0,1,1,0,0,0,0
1660,0,0,1,0,0,1,0,0,0,0,0,0,0,0,0,0
97,1,0,0,0,0,0,0,0,0,0,0,0,1,0,0,0
3472,0,0,0,1,0,1,0,0,0,0,0,0,0,1,0,0
3078,0,0,1,0,0,0,0,0,0,0,0,1,0,0,0,0
1701,0,0,0,1,0,0,0,0,0,0,0,0,0,1,0,0
2192,1,0,0,0,0,1,0,0,0,0,0,0,0,0,0,0
2976,0,0,1,0,0,0,1,0,0,0,0,0,0,0,0,0
1829,0,0,0,0,0,1,0,0,1,0,0,1,0,0,0,0
1596,0,0,0,0,0,1,0,0,0,1,1,0,0,0,0,0
1841,0,0,0,1,0,0,0,0,0,0,1,0,0,1,0,0
2661,1,0,1,0,0,0,1,0,0,0,0,0,0,0,0,0
383,0,0,0,0,0,1,0,0,0,0,0,0,0,0,0,0
1845,0,0,1,0,0,0,0,0,0,0,0,1,0,0,0,0
521,0,0,0,1,0,0,0,0,0,0,1,0,0,1,0,0
1523,0,0,0,0,0,1,0,0,0,0,0,0,0,0,0,0
77,0,0,0,0,0,0,0,0,0,0,1,0,0,1,0,0
297,0,0,0,0,0,1,0,1,0,0,1,0,0,0,0,0
2440,0,0,0,0,0,1,0,0,0,0,0,0,0,1,1,0
3178,0,0,0,0,0,1,0,0,0,0,0,0,0,0,0,0
493,1,0,0,1,0,0,0,0,0,0,0,0,0,0,0,0
1627,0,0,0,0,0,1,0,0,0,0,0,0,0,0,0,0
1389,0,0,1,1,0,0,0,0,0,0,0,1,0,0,0,0
2141,0,0,0,0,0,1,0,0,0,0,0,0,0,0,0,0
101,0,0,0,1,0,1,0,0,0,0,0,0,0,1,0,0
1257,0,0,1,0,0,0,0,0,0,0,0,0,0,0,0,0
663,0,0,0,1,0,0,0,0,0,1,0,0,0,1,0,0
2447,0,0,0,0,0,1,0,0,1,0,0,0,0,0,0,0
166,0,0,1,0,0,1,0,0,0,0,0,1,0,0,0,0
157,1,0,0,0,0,0,0,0,0,0,0,0,1,0,0,0
65,0,0,0,0,0,1,0,0,0,0,0,0,0,0,0,0
1563,0,0,0,0,1,0,0,0,0,0,0,0,0,0,0,0
175,1,0,0,0,0,1,0,0,0,0,0,1,0,0,0,0
697,0,0,0,0,1,1,0,0,0,0,0,0,0,0,0,0
925,0,0,0,0,0,1,0,0,0,0,0,0,0,0,0,0
451,0,0,0,0,0,1,0,0,0,0,0,1,0,0,0,0
335,0,0,0,0,0,0,0,0,0,0,0,0,0,0,0,1
257,0,0,0,1,0,1,1,0,0,0,0,0,0,0,0,0
2062,0,1,1,0,0,0,1,0,0,0,0,0,0,0,0,0
1498,1,0,0,0,0,0,0,0,0,0,0,0,1,0,0,0
804,0,0,1,0,0,0,0,0,0,0,0,1,0,0,0,0
276,0,0,1,0,0,1,0,0,0,0,0,0,0,0,0,0
1675,0,0,1,0,0,1,0,0,0,0,0,0,0,0,0,0
482,1,0,0,0,0,0,0,0,0,0,0,0,0,1,0,0
422,0,0,0,0,0,1,0,1,0,0,0,0,0,0,0,0
2320,1,0,0,0,0,1,0,0,0,0,0,0,0,0,0,0
554,0,0,0,0,0,1,0,0,1,0,0,1,0,0,0,0
540,0,0,0,0,0,0,0,0,0,0,0,0,0,0,0,0
990,0,0,0,0,0,1,0,0,0,0,0,0,0,0,0,0
132,0,0,0,0,1,0,0,0,0,0,0,0,0,0,0,0
79,1,0,0,0,0,1,0,0,0,0,0,0,0,0,0,0
640,0,0,0,1,0,1,0,0,0,0,0,0,0,0,0,0
3600,0,0,0,0,0,0,0,0,0,1,1,0,0,1,0,0
3520,0,0,1,0,0,1,0,0,0,0,0,0,0,0,0,0
3604,0,0,0,0,0,0,0,0,0,0,0,0,1,0,0,0
1937,0,0,0,0,0,1,0,0,0,0,0,0,0,0,0,0
1414,0,0,0,0,0,1,0,0,0,0,1,1,0,0,0,0
635,0,0,0,0,0,0,0,0,0,1,1,0,0,1,0,0
2436,1,0,1,0,0,0,0,0,0,0,0,0,0,0,0,0
1621,0,0,1,0,0,0,0,0,0,0,0,0,0,0,0,0
2771,0,0,1,0,0,1,0,0,0,0,0,0,0,0,0,0
1919,0,0,0,0,0,1,0,0,0,0,0,1,0,0,0,0
1018,0,0,0,0,0,1,0,0,0,0,1,0,0,1,0,0
3484,1,0,0,0,0,0,0,1,0,1,0,0,0,0,0,0
239,0,0,1,0,0,0,0,0,0,0,0,1,0,0,0,0
3054,0,0,1,0,0,0,0,0,0,0,0,0,0,1,0,0
2924,0,0,0,1,0,1,0,0,0,0,0,0,0,0,0,0
2275,0,0,0,1,0,1,0,0,0,0,1,0,0,0,0,0
704,0,0,1,0,0,0,0,0,0,0,0,0,0,0,0,0
393,0,0,0,1,0,0,0,0,0,0,0,0,0,1,0,0
2084,0,0,1,1,0,0,0,0,0,0,0,0,0,1,0,0
203,0,0,0,1,0,1,0,0,0,0,0,0,0,0,0,0
234,0,0,0,0,0,1,0,0,0,1,0,0,0,1,0,0
193,1,0,0,0,0,0,0,0,0,0,0,0,1,0,0,0
76,0,0,0,0,0,1,0,0,0,0,0,1,0,0,0,0
964,0,0,0,0,0,1,0,0,0,1,0,0,0,0,0,0
1936,1,0,0,0,0,0,0,0,0,0,0,0,0,0,0,1
3587,0,0,1,0,0,0,1,1,0,0,0,0,0,0,0,0
2669,0,0,0,0,0,1,0,0,1,0,0,0,0,0,0,0
3525,0,0,1,0,0,1,0,0,0,0,0,1,0,0,0,0
3486,0,0,1,0,0,0,0,0,0,1,0,0,0,0,0,0
2667,0,0,0,0,0,0,0,0,0,1,1,0,0,0,0,0
242,0,0,0,1,0,1,0,0,0,0,0,0,0,1,0,0
613,0,0,0,0,0,1,0,0,1,0,0,0,0,0,1,0
206,0,0,0,0,0,1,0,0,0,0,0,0,0,0,0,0
2636,0,0,0,0,0,0,0,0,0,0,0,0,0,1,0,0
559,1,0,0,0,0,0,0,1,0,0,0,0,0,0,0,0
511,0,0,0,0,0,1,0,0,0,0,0,0,0,0,0,0
1255,0,0,0,0,0,1,0,0,0,1,0,0,1,0,0,0
2293,0,0,1,0,0,0,0,0,0,0,0,1,0,0,0,0
2649,0,0,0,0,0,1,0,0,0,0,1,0,0,1,0,0
103,0,0,0,1,0,1,0,0,0,0,0,0,0,0,0,0
332,1,0,1,0,0,0,0,0,0,0,0,0,0,0,0,0
2637,0,0,0,0,0,1,0,0,0,1,1,0,0,0,0,0
2652,0,0,0,0,0,1,0,0,0,0,0,0,0,1,0,0
2654,0,0,0,0,0,0,0,0,0,1,1,0,0,1,0,0
841,1,0,0,0,0,0,0,0,0,0,0,0,1,0,0,0
2260,0,0,0,0,1,0,0,0,0,0,0,0,0,0,0,0
3004,0,0,1,0,0,0,0,0,0,0,0,0,0,0,0,0
3007,0,0,1,0,0,1,0,0,0,0,0,0,1,0,0,0
1361,0,1,0,0,0,0,1,1,0,0,0,0,0,0,0,0
1421,0,0,1,0,0,1,0,0,0,0,0,1,0,0,0,0
2988,0,0,0,0,0,1,0,0,0,0,0,1,0,0,0,0
2493,1,0,0,0,0,0,1,1,0,0,0,0,0,0,0,0
89,1,0,0,0,0,0,0,0,0,0,0,0,0,0,0,0
3565,0,0,0,0,0,1,0,0,0,0,0,0,0,0,0,0
612,0,0,0,0,0,1,0,0,1,0,0,0,0,0,0,0
63,0,0,0,0,0,0,0,0,0,0,1,0,1,1,0,0
1688,0,0,0,0,0,0,0,0,0,0,0,0,1,0,0,0
1599,0,0,1,0,0,0,0,0,0,0,0,1,0,0,0,0
606,0,0,0,0,0,1,0,0,0,0,0,0,0,0,0,0
1996,1,0,0,0,0,0,0,1,0,0,0,0,0,0,0,0
3598,1,0,0,0,0,1,0,1,0,0,0,0,0,0,0,0
1594,0,0,1,1,0,0,0,0,0,0,0,0,0,0,0,0
1406,1,0,1,0,0,0,0,0,0,0,0,0,0,0,0,0
214,0,0,0,1,0,0,0,0,0,1,0,0,0,1,0,0
334,0,0,0,0,0,1,0,0,0,0,0,0,0,0,0,0
1116,0,0,0,0,0,1,0,0,1,0,0,0,0,0,1,0
1901,0,0,1,0,0,1,0,0,0,0,0,1,0,0,0,0
2909,0,0,0,0,0,0,0,0,0,0,0,0,0,0,0,0
1875,1,0,1,1,0,0,0,0,0,0,0,0,0,0,0,0
2029,0,0,1,0,0,0,0,0,0,0,0,0,0,0,0,0
1535,0,0,0,1,0,0,0,0,0,0,0,0,0,1,0,0
547,0,0,0,0,0,1,0,0,0,0,0,1,0,0,0,0
3103,0,0,0,0,0,0,0,1,0,1,0,0,1,0,0,0
291,0,0,0,0,1,0,0,0,0,0,0,0,0,0,0,0
3593,1,0,0,0,0,0,0,0,0,1,0,0,1,0,0,0
421,1,0,1,0,0,1,0,0,0,0,0,0,0,0,0,0
2453,0,0,0,0,0,0,0,0,0,0,0,0,0,1,0,0
3145,0,0,0,0,0,0,0,0,0,1,0,0,1,0,0,0
615,0,0,0,0,0,1,0,0,0,0,0,0,0,0,0,0
240,0,0,0,1,0,1,0,0,0,0,0,0,0,0,0,0
978,1,0,0,0,0,1,0,0,1,0,0,0,0,0,0,0
927,0,0,1,0,0,0,0,1,0,1,0,0,0,0,0,0
962,1,0,1,0,0,1,0,0,0,0,0,0,0,0,0,0
775,1,0,0,0,0,0,0,1,0,0,0,0,1,0,0,0
347,0,0,0,0,0,1,0,0,0,0,0,0,0,0,0,0
1024,0,0,0,0,0,1,0,1,0,0,0,0,0,0,0,0
2753,0,0,0,0,0,1,0,0,1,0,0,0,0,0,0,0
2195,0,0,0,0,0,1,0,0,0,0,0,0,0,1,0,0
88,0,0,0,0,0,1,0,0,0,0,0,1,0,0,0,0
1162,0,0,0,0,0,1,0,0,0,0,0,0,0,0,0,0
582,0,0,0,0,0,1,0,0,0,0,0,0,0,1,0,0
2246,0,0,0,1,0,1,0,0,0,0,0,0,0,0,0,0
389,0,0,0,0,0,1,0,0,0,0,0,0,0,0,0,0
2516,0,0,0,0,0,1,0,0,0,0,0,0,0,0,0,0
445,0,0,0,0,0,1,0,0,0,0,1,0,0,1,0,0
1904,0,0,0,0,0,1,0,0,1,0,0,1,0,0,0,0
2007,0,0,0,0,0,1,0,0,0,0,0,0,0,0,0,0
570,0,0,0,0,0,1,0,0,0,0,0,0,0,0,0,0
3049,0,0,1,0,0,0,0,0,0,0,1,0,0,0,0,0
122,1,0,0,0,0,0,0,1,0,0,0,0,0,0,0,0
829,0,0,0,1,0,1,0,0,0,0,1,0,0,0,0,0
1613,0,0,1,0,0,0,0,0,0,0,0,0,0,1,0,0
409,0,0,0,0,0,1,0,0,0,0,0,1,0,0,1,0
268,0,0,0,0,0,0,0,1,0,0,0,0,0,0,0,0
269,0,0,0,1,0,1,0,0,0,0,0,0,0,0,0,0
215,0,0,0,0,0,0,0,0,0,1,0,0,0,0,0,0
806,0,0,0,0,0,1,0,0,0,1,0,0,0,1,0,0
2639,0,0,1,0,0,1,0,0,0,0,0,0,0,0,0,0
184,0,0,1,1,0,0,0,0,0,0,0,1,0,0,0,0
881,0,0,0,0,0,1,0,0,0,0,0,0,0,0,0,0
2978,0,0,1,0,0,0,0,1,0,0,0,0,0,0,0,0
135,0,0,0,0,1,0,0,0,0,0,0,0,0,0,0,0
278,0,0,0,1,0,1,0,0,0,0,0,0,0,0,0,0
813,0,0,1,0,0,0,0,0,0,0,0,0,0,0,0,0
312,0,0,0,0,0,1,0,0,0,0,0,0,0,0,0,0
3031,1,0,0,0,0,0,0,0,0,1,0,0,1,0,0,0
473,0,0,0,0,0,1,0,0,0,0,1,0,0,1,0,0
833,0,0,0,0,0,1,0,0,0,0,0,0,0,0,0,0
438,0,0,0,0,0,0,0,0,0,0,1,0,1,1,0,0
275,0,0,0,1,0,1,0,0,0,0,0,0,0,1,0,0
1550,0,0,1,0,0,1,0,0,0,0,0,0,0,0,0,0
3021,0,0,0,0,0,0,0,0,0,1,0,0,0,1,0,0
1989,0,0,0,0,0,1,0,0,0,0,0,1,0,0,0,0
3577,0,0,0,0,0,1,0,0,0,0,0,0,0,1,0,0
458,0,0,1,0,0,1,0,0,0,0,0,1,0,0,0,0
2055,0,0,0,0,0,0,0,0,0,0,0,0,0,0,0,1
3427,0,0,0,0,0,0,0,0,0,0,0,0,0,1,0,0
809,1,1,1,0,0,0,0,0,0,0,0,0,0,0,0,0
3077,0,0,0,0,0,0,0,0,0,1,0,0,1,0,0,0
121,1,0,0,0,0,0,0,1,0,0,0,0,0,0,0,0
1865,1,0,0,0,0,0,0,1,0,0,0,0,0,0,0,0
1123,0,0,0,0,0,1,0,0,0,0,0,0,0,1,0,0
2182,0,0,1,0,0,0,0,0,0,1,0,0,1,0,0,0
2017,0,0,0,1,0,1,0,0,0,0,0,0,0,0,0,0
1571,0,0,0,0,0,0,0,0,0,0,0,0,0,1,0,0
2263,0,0,0,1,0,1,0,0,0,0,0,1,0,0,0,0
414,0,0,0,1,0,0,0,1,0,0,0,0,0,0,0,0
2099,0,0,0,1,0,0,0,0,0,0,0,0,0,1,0,0
116,0,0,0,1,0,1,0,0,0,0,0,0,0,1,0,0
709,1,0,0,0,0,0,0,0,0,0,0,0,0,1,0,0
2151,0,0,1,0,0,0,0,0,0,1,0,0,1,0,0,0
1647,0,0,0,0,0,0,0,0,0,0,0,0,0,1,0,0
798,0,0,0,0,0,1,0,0,0,0,0,0,0,0,0,0
2594,0,0,1,0,0,1,0,0,0,0,0,0,0,0,0,0
781,0,0,0,0,0,1,0,0,0,0,0,0,0,0,0,0
869,0,0,0,0,0,0,0,0,0,0,0,0,1,1,0,0
467,0,0,0,1,0,1,0,0,0,1,0,0,0,0,0,0
189,0,0,0,1,0,0,0,0,0,0,0,0,0,1,0,0
1900,0,0,0,1,0,1,0,0,0,0,0,0,0,1,0,0
1812,0,0,1,0,0,0,0,0,0,0,0,1,0,0,0,0
1585,0,0,0,0,0,1,1,1,0,0,0,0,0,0,0,0
525,0,0,1,0,0,0,0,0,0,0,0,0,0,0,0,0
1857,0,1,0,0,0,0,0,0,0,0,0,0,0,0,0,0
505,0,0,0,1,0,1,0,0,0,0,0,0,0,0,0,0
267,0,0,0,0,0,1,0,0,0,0,0,1,0,1,0,0
2610,0,0,1,0,0,1,0,0,0,0,0,1,0,0,0,0
2798,0,0,1,0,0,0,0,0,0,0,0,0,0,0,0,0
984,0,0,0,1,0,0,0,0,0,0,0,0,0,1,0,0
956,1,0,0,0,0,0,0,0,0,0,0,0,0,1,0,0
711,0,0,0,0,0,1,0,0,0,0,0,0,0,0,0,0
217,1,0,0,0,0,0,0,0,0,0,0,0,0,0,0,0
2267,1,0,0,0,0,0,1,0,0,0,0,0,0,0,0,0
1450,1,0,0,0,0,0,0,0,0,1,0,0,0,0,0,0
1640,0,0,0,0,0,1,0,0,0,0,0,0,0,0,0,0
957,0,0,1,0,0,0,0,0,0,0,0,0,1,0,0,0
3432,0,0,0,1,0,1,0,0,0,0,1,0,0,0,0,0
1495,1,0,0,0,0,1,0,0,0,0,0,0,0,0,0,0
2817,0,0,1,0,0,1,0,0,0,0,0,1,0,0,0,0
667,1,0,0,0,0,0,0,0,0,0,0,0,0,1,0,0
1720,0,0,0,0,0,1,0,0,0,0,0,0,0,0,0,0
2899,0,0,1,0,0,0,1,1,0,0,0,0,0,0,0,0
2142,0,0,0,1,0,1,0,0,0,0,0,0,0,0,0,0
631,0,0,0,0,0,1,0,0,0,0,0,1,0,0,0,0
2079,0,0,1,0,0,0,0,0,0,0,0,0,0,0,0,0
255,0,0,1,0,0,1,0,0,0,0,0,1,0,0,0,0
3423,0,0,0,0,0,1,0,0,0,0,0,0,0,0,0,0
1726,1,0,0,0,0,0,0,0,0,0,0,0,1,0,0,0
650,0,0,0,1,0,1,0,0,0,0,0,0,0,0,0,0
2264,0,0,0,0,0,1,0,0,0,0,0,1,0,0,0,0
3013,0,0,0,1,0,0,0,0,0,0,0,0,0,1,0,0
1655,0,0,1,0,0,0,0,0,0,0,0,0,0,0,0,0
2982,1,0,0,0,0,0,0,1,0,0,0,0,1,0,0,0
2462,0,0,1,0,0,0,0,0,0,0,0,0,1,0,0,0
1993,0,0,0,0,0,1,0,0,1,0,0,1,0,0,0,0
1979,1,0,0,0,0,0,0,1,0,0,0,0,0,0,0,0
627,0,0,0,1,0,1,0,0,0,0,0,0,0,0,0,0
3602,0,0,0,0,0,0,0,0,0,1,0,0,0,0,0,0
690,0,0,0,1,0,1,0,0,0,0,0,0,0,0,0,0
2895,0,0,0,0,0,0,0,0,0,0,0,0,0,0,0,0
769,0,0,0,1,0,1,0,0,0,0,0,0,0,0,0,0
2045,0,0,0,0,0,1,0,0,0,0,1,0,1,0,0,0
888,0,0,1,0,0,0,1,1,0,0,0,0,0,0,0,0
3144,0,0,1,0,0,0,0,0,0,1,0,0,0,0,0,0
238,0,0,0,1,0,1,0,0,0,0,0,0,0,0,0,0
3578,0,0,0,0,0,0,0,0,0,0,0,0,1,0,0,0
96,0,0,1,1,0,0,0,0,0,0,0,0,0,0,0,0
1398,0,0,0,0,0,1,0,0,0,0,0,0,1,1,0,0
2892,0,0,0,0,0,1,0,0,0,0,0,0,0,0,0,0
2255,0,0,1,0,0,1,0,0,0,0,0,1,0,0,0,0
2095,0,0,0,0,0,0,0,0,0,0,0,0,0,1,0,0
3043,0,0,0,0,0,0,0,0,0,1,0,0,0,0,0,0
807,0,0,0,1,0,0,0,0,0,0,1,0,0,1,0,0
987,0,0,1,0,0,1,0,0,0,0,0,1,0,0,0,0
1600,0,0,0,0,0,1,0,0,0,0,0,0,0,1,0,0
2044,0,0,0,0,0,1,0,0,0,0,1,1,0,0,0,0
1837,0,0,0,0,0,1,0,0,0,0,0,1,0,0,0,0
710,1,0,0,0,0,0,0,0,0,0,0,0,0,1,0,0
470,0,0,0,1,0,1,0,0,0,0,0,0,0,1,0,0
102,0,0,0,0,0,1,0,0,0,0,0,1,0,0,0,0
321,0,0,1,0,0,0,0,0,0,0,0,1,0,0,0,0
3556,0,0,0,1,0,1,0,0,0,0,0,0,0,0,0,0
1896,0,0,0,0,0,1,0,0,1,0,0,0,0,0,0,0
3012,0,0,0,0,0,1,0,0,0,0,0,0,0,0,1,0
1428,0,0,0,0,0,0,0,0,0,0,0,0,0,0,0,0
1363,0,0,0,0,0,1,0,0,0,0,0,0,0,0,0,1
1496,0,0,1,0,0,1,0,0,0,0,0,0,0,0,0,0
1631,0,0,0,0,0,1,0,0,0,0,0,0,0,0,0,0
1669,1,0,0,0,0,0,0,0,0,0,0,0,0,1,0,0
302,0,0,0,1,0,0,0,0,0,0,0,0,0,1,0,0
1482,0,0,0,0,0,1,0,0,0,0,0,0,0,0,0,0
3483,1,0,0,1,0,0,0,0,0,1,0,0,0,0,0,0
544,0,0,1,0,0,0,0,0,0,0,0,1,0,0,0,0
548,0,0,0,1,0,1,0,0,0,0,1,0,0,0,0,0
695,0,0,1,0,0,1,0,0,0,0,0,0,0,0,0,0
201,1,0,0,0,0,0,0,0,0,0,0,0,1,0,0,0
3554,0,0,0,0,0,1,0,0,0,0,0,1,0,0,0,0
3596,0,0,0,0,0,1,0,0,0,0,0,0,1,0,0,0
3580,0,0,0,1,0,1,0,0,0,0,1,0,0,0,0,0
3537,0,0,0,0,0,1,0,0,0,0,0,0,0,0,0,0
2169,0,0,1,0,0,0,0,0,0,0,0,0,0,0,0,0
1826,0,0,1,0,0,1,0,0,0,0,0,1,0,0,0,0
1677,0,0,0,0,0,1,0,0,0,0,0,0,0,0,0,0
2767,0,0,0,0,0,1,0,0,0,0,0,1,0,0,0,0
3048,0,0,0,0,1,0,0,0,0,0,0,0,0,0,0,0
2786,0,0,0,0,0,1,0,0,0,0,0,0,0,1,0,0
2756,1,0,0,0,0,0,0,0,0,0,0,0,0,1,0,0
83,0,0,0,0,0,1,0,0,0,0,0,0,0,1,0,0
1484,0,0,0,0,0,1,0,0,0,0,0,0,0,0,0,0
2210,0,0,1,0,0,1,0,0,0,0,0,0,0,0,0,0
2180,0,0,1,0,0,1,0,0,0,0,0,0,0,0,0,0
3109,0,0,1,0,0,1,0,0,0,0,0,1,0,0,0,0
1906,0,0,0,0,0,1,0,0,0,0,0,0,0,0,0,0
2965,1,0,0,0,0,0,0,0,0,0,0,0,1,0,0,0
638,0,0,0,0,0,1,0,0,0,0,1,0,0,1,0,0
74,1,0,0,0,0,0,0,0,0,0,0,0,1,1,0,0
301,0,0,0,0,0,0,0,0,0,0,0,0,0,0,0,1
469,0,0,1,0,0,1,0,0,0,0,0,0,0,0,0,0
1632,0,0,0,1,0,1,0,0,0,0,0,0,0,1,0,0
779,0,0,0,0,0,1,0,0,0,1,0,0,0,0,0,0
2165,0,0,0,0,0,1,0,0,0,0,0,0,0,1,0,0
685,0,0,0,0,1,0,0,0,0,0,0,0,0,0,0,0
3063,0,0,1,0,0,0,0,0,0,0,0,0,0,0,0,0
436,0,0,0,1,0,1,0,0,0,0,0,0,0,1,0,0
18,1,0,0,0,0,0,0,1,0,0,0,0,0,0,0,0
839,0,0,0,0,0,0,0,0,0,0,0,0,0,1,0,0
891,0,0,0,0,0,1,0,0,1,0,1,0,0,0,0,0
93,0,0,0,1,0,1,0,0,0,0,1,0,0,0,0,0
854,0,0,1,1,0,0,0,0,0,0,0,1,0,0,0,0
850,0,0,1,0,0,0,1,0,0,0,0,0,0,0,0,0
669,0,0,0,0,1,0,0,0,0,0,0,0,0,0,0,0
1050,0,0,1,0,0,1,0,0,0,0,0,0,0,0,0,0
563,1,0,0,0,0,0,0,0,0,0,0,0,0,1,0,0
3539,0,0,0,0,0,1,0,0,0,0,0,0,0,0,0,0
155,0,0,0,1,0,1,0,0,0,0,0,0,0,0,0,0
782,0,0,0,0,0,0,0,0,0,0,1,0,1,1,0,0
1654,1,0,0,0,0,0,0,0,0,0,0,0,0,0,1,0
390,0,0,0,0,0,1,0,0,0,0,0,0,0,1,0,0
571,0,0,0,0,0,0,0,0,0,1,0,0,0,0,0,0
211,0,0,1,0,0,1,0,0,0,0,0,0,0,0,0,0
465,0,0,0,0,0,1,0,0,0,0,0,1,0,0,0,0
1404,0,0,0,0,0,1,0,0,0,0,0,0,0,0,0,0
254,1,0,0,0,0,1,0,0,0,0,0,0,0,0,0,0
78,0,0,0,0,0,1,0,0,0,0,0,0,1,1,0,0
424,0,0,0,0,0,1,0,0,1,0,0,0,0,0,1,0
346,0,0,0,0,0,1,0,0,0,0,0,0,0,0,0,0
3309,0,0,0,1,0,1,0,0,0,0,0,0,0,0,0,0
2196,0,0,1,0,0,1,0,0,0,0,0,0,0,0,0,0
2625,0,0,0,0,0,1,0,0,0,0,0,1,0,0,0,0
3563,0,0,1,0,0,0,0,0,0,0,0,1,0,0,0,0
2307,0,0,1,0,0,1,0,0,0,0,0,1,0,0,0,0
1853,0,0,0,0,1,0,0,0,0,0,0,0,0,0,0,0
2325,0,0,0,0,0,1,0,0,0,0,0,0,0,0,1,0
1592,0,0,0,1,0,1,0,0,0,0,1,0,0,0,0,0
1679,0,0,0,0,0,0,0,0,0,1,0,0,1,0,0,0
867,0,0,0,0,0,1,0,0,0,0,0,0,0,1,0,0
453,0,0,0,0,0,1,0,0,0,0,0,1,0,0,0,0
174,1,0,0,0,0,0,0,0,0,0,0,0,1,0,0,0
810,1,1,0,0,0,0,0,1,0,0,0,0,0,0,0,0
118,1,0,1,0,0,0,1,0,0,0,0,0,0,0,0,0
331,1,0,0,0,0,0,0,0,0,0,0,0,0,1,0,0
591,0,0,0,0,0,0,0,0,0,0,1,0,0,1,0,0
3127,0,0,0,0,0,0,0,0,0,1,0,0,1,0,0,0
575,0,0,0,0,0,1,0,0,0,0,0,0,0,1,0,0
626,0,0,0,0,0,1,0,1,0,0,0,0,0,0,0,0
1439,0,0,0,0,0,1,0,0,1,0,0,1,0,0,0,0
243,0,0,1,0,0,1,0,0,0,0,0,1,0,0,0,0
3041,0,0,0,0,0,1,0,0,0,0,0,1,0,0,0,0
3511,0,0,0,0,0,1,0,0,0,1,0,0,0,1,0,0
1992,0,0,0,0,0,0,0,0,0,1,0,0,0,1,0,0
618,0,0,0,0,0,1,0,0,1,0,0,0,0,0,1,0
1661,0,0,1,0,0,1,0,0,0,0,0,0,0,0,0,0
391,0,0,0,0,0,0,0,0,0,0,0,0,0,0,0,1
1824,0,0,1,0,0,0,0,0,0,0,0,1,0,0,0,0
3115,0,0,0,0,0,0,0,1,0,0,0,0,1,0,0,0
885,0,0,0,0,0,1,0,0,0,0,0,1,0,0,0,0
510,0,0,0,0,0,1,0,0,0,0,0,0,0,0,0,0
100,0,0,1,1,0,0,0,0,0,0,0,0,0,0,0,0
1870,1,0,1,1,0,0,0,0,0,0,0,0,0,0,0,0
336,0,0,0,0,0,0,0,0,0,0,0,0,0,0,0,1
764,0,0,0,0,0,0,0,0,0,1,0,0,0,0,0,0
197,0,0,0,0,0,1,0,0,1,0,0,0,0,0,0,0
503,1,0,0,0,0,1,0,0,0,0,0,0,0,0,0,0
633,0,0,0,0,0,1,0,0,1,0,0,0,0,1,0,0
68,0,0,1,0,0,0,0,0,0,0,0,0,1,0,0,0
294,0,0,0,0,0,1,0,0,0,0,0,1,0,0,0,0
703,0,0,1,0,0,1,0,0,0,0,0,1,0,0,0,0
167,0,0,0,0,0,1,0,0,0,0,0,0,1,0,0,0
522,0,0,1,0,0,1,0,0,1,0,0,0,0,0,0,0
27,0,0,0,0,0,1,0,0,0,0,0,1,0,0,0,0
1998,0,0,0,0,0,1,0,0,0,0,0,0,0,0,0,0
3638,0,0,1,0,0,0,0,0,0,0,0,0,0,0,0,0
3635,0,0,0,0,0,1,0,0,0,0,0,1,0,0,0,0
2614,0,0,1,0,0,0,0,0,0,0,0,0,1,0,0,0
760,0,0,1,0,0,0,0,0,0,0,0,0,0,0,0,0
896,0,0,0,0,0,1,0,0,0,0,0,0,0,0,0,0
759,0,0,1,0,0,0,0,0,0,0,0,1,0,0,0,0
2026,0,0,0,0,0,1,0,0,0,0,1,0,0,1,0,0
452,0,0,1,0,0,1,0,0,0,0,0,0,0,0,0,0
3177,0,0,0,0,0,0,0,0,0,0,0,0,0,1,0,0
3515,0,0,0,0,0,1,0,0,0,0,0,0,0,1,0,0
483,0,0,1,1,0,0,0,0,0,0,0,0,0,1,0,0
3594,0,0,0,0,0,1,0,0,0,0,1,0,0,1,0,0
1990,0,0,0,1,0,1,0,0,0,0,1,0,0,0,0,0
2754,0,0,1,0,0,0,0,0,0,0,0,0,0,0,0,0
3026,0,0,0,0,0,1,0,0,0,1,0,0,0,0,0,0
2049,0,0,0,0,1,0,0,0,0,0,0,0,0,0,0,0
1164,0,0,0,0,0,1,0,0,0,0,0,0,0,0,0,0
1902,0,0,0,0,0,1,0,0,0,0,0,0,0,1,0,0
2280,0,0,1,0,0,1,0,1,0,0,0,0,0,0,0,0
2323,0,0,0,0,0,1,0,1,0,0,0,0,0,0,0,0
3117,0,0,0,0,0,0,0,0,0,1,0,0,1,0,0,0
2008,0,0,0,0,0,1,0,1,0,0,0,0,0,0,0,0
847,1,0,0,0,0,1,0,0,0,0,0,0,0,0,0,0
3122,0,0,0,0,0,0,0,0,0,1,0,0,1,0,0,0
2981,1,0,0,0,0,1,0,1,0,0,0,0,0,0,0,0
2984,0,0,1,0,0,0,0,0,0,0,0,1,0,0,0,0
1849,0,0,0,0,0,1,0,0,1,0,0,0,0,0,0,0
876,1,0,0,0,0,0,0,1,0,0,0,0,0,0,0,0
1114,0,0,0,0,1,1,0,0,0,0,0,0,0,0,0,0
313,0,0,0,0,0,1,0,0,0,0,0,1,0,0,0,0
38,0,0,0,0,0,1,0,0,0,0,0,1,1,0,0,0
3683,0,0,0,0,0,1,0,0,1,0,0,0,0,0,1,0
117,0,0,0,1,0,1,0,0,1,0,0,0,0,0,0,0
228,0,0,0,0,0,1,0,0,0,0,0,0,0,0,0,0
99,0,0,1,0,0,1,0,0,0,0,0,0,0,0,0,0
75,0,0,1,0,0,0,0,1,0,0,0,0,1,0,0,0
128,1,1,0,0,0,0,0,1,0,0,0,0,0,0,0,0
3681,0,0,1,0,0,0,0,0,0,0,0,1,0,0,0,0
3686,0,0,0,0,0,0,0,0,0,0,0,0,0,0,0,1
3698,0,0,0,0,0,0,0,0,0,0,0,0,0,0,0,1
392,0,0,1,0,0,1,0,0,0,0,0,1,0,0,0,0
3701,0,0,0,1,0,0,0,0,0,0,0,0,0,0,0,0
2593,0,0,0,0,0,1,0,0,0,0,0,0,0,0,0,0
3699,0,0,0,1,0,0,0,0,0,1,1,0,0,0,0,0
3682,0,0,0,0,0,1,0,0,0,0,0,0,0,0,0,0
2897,1,0,1,0,0,0,1,0,0,0,0,0,0,0,0,0
2086,0,0,0,1,0,1,0,0,0,0,0,0,0,1,0,0
3509,0,1,0,0,0,0,0,0,0,0,0,0,1,1,0,0
3581,0,0,0,0,0,0,0,0,0,1,0,0,0,0,0,0
1770,0,0,0,0,0,1,0,0,0,0,0,0,0,1,0,0
821,0,0,0,0,0,1,0,0,1,0,0,0,0,0,0,0
846,0,0,0,0,0,0,0,0,0,0,1,0,1,1,0,0
753,0,0,0,0,0,1,0,0,0,0,0,0,0,0,0,0
1415,0,0,1,1,0,1,0,0,0,0,0,0,0,0,0,0
3632,0,0,0,0,0,0,0,0,0,0,0,0,1,0,0,0
568,0,0,0,0,0,1,0,0,0,0,0,0,0,0,0,0
602,1,0,0,0,0,0,0,0,0,0,0,0,1,0,0,0
219,0,0,1,0,0,1,0,0,0,0,0,1,0,0,0,0
137,0,0,0,0,0,1,0,1,0,0,0,1,0,0,0,0
136,0,0,0,0,0,1,0,0,0,1,0,0,0,0,0,0
2103,0,0,0,0,0,1,0,0,0,0,1,0,1,0,0,0
146,1,0,0,0,0,1,0,0,0,0,0,0,0,0,0,0
828,0,0,0,0,0,1,0,0,0,0,0,0,1,1,0,0
343,0,0,1,0,0,1,0,0,0,0,0,1,0,0,0,0
90,0,0,1,1,0,0,0,0,0,0,0,0,0,0,0,0
603,0,0,0,0,0,0,0,0,0,0,0,0,1,0,0,0
877,1,0,0,1,0,0,0,0,0,0,0,0,0,0,0,0
771,0,0,1,0,0,0,1,0,0,0,0,0,0,0,0,0
617,0,0,0,0,0,0,0,0,0,0,0,0,0,1,0,0
1420,0,0,1,0,0,1,0,0,0,0,0,0,0,0,0,0
113,0,0,0,0,0,1,0,0,0,0,0,0,0,0,0,0
3092,0,0,0,1,0,1,0,0,0,0,0,0,0,1,0,0
981,0,0,1,0,0,0,0,0,0,0,0,1,0,0,0,0
404,0,0,0,0,0,1,0,0,0,0,0,0,0,0,0,0
3055,0,0,0,0,0,1,0,0,0,0,0,1,0,0,0,0
1656,1,0,0,0,0,0,0,0,0,0,0,0,0,0,0,0
3692,1,0,0,0,0,0,0,0,0,0,0,0,0,0,0,0
2211,0,0,0,0,0,1,0,0,1,0,0,1,0,0,0,0
3171,0,1,1,0,0,0,0,0,0,0,0,0,0,0,0,0
755,0,0,0,0,0,0,0,0,0,1,0,0,0,1,0,0
3716,1,0,1,0,0,0,0,0,0,0,0,1,0,0,0,0
1903,0,0,0,0,0,1,0,0,0,0,1,1,0,0,0,0
2185,0,0,1,0,0,0,0,0,0,0,0,0,0,1,0,0
567,0,0,0,0,0,1,0,0,0,0,1,0,0,1,0,0
823,0,1,0,0,0,0,0,0,0,0,0,0,1,1,0,0
106,1,0,0,0,0,0,0,0,0,0,0,0,1,0,0,0
1696,0,0,0,1,0,1,0,0,0,1,0,0,0,0,0,0
824,0,0,0,0,0,1,0,0,0,0,0,1,0,0,0,0
2620,0,0,1,1,0,0,0,0,0,0,0,0,0,0,0,0
619,0,0,0,0,0,1,0,0,0,0,0,0,0,1,0,0
2994,0,0,1,1,0,0,0,0,0,0,0,0,0,0,0,0
1922,0,0,0,0,0,1,0,0,0,0,0,0,0,0,0,0
274,0,0,0,1,0,1,0,0,0,0,0,0,0,1,0,0
831,1,0,0,0,0,0,0,0,0,0,1,0,1,0,0,0
2755,0,0,1,0,0,1,0,0,0,0,0,0,0,0,0,0
1715,0,0,0,0,0,1,0,0,0,0,0,0,0,0,0,0
992,0,0,1,0,0,1,0,1,0,0,0,0,0,0,0,0
2074,0,0,1,0,0,0,0,0,0,0,0,1,0,0,0,0
985,0,0,0,0,0,1,0,1,0,1,0,0,0,0,0,0
1725,0,0,0,1,0,1,0,0,0,0,0,0,0,0,0,0
1551,0,0,0,0,0,1,0,0,0,1,0,0,1,0,0,0
3586,0,0,1,0,0,1,0,0,0,0,0,0,0,0,0,0
250,0,0,1,1,0,0,0,0,0,0,0,0,0,0,0,0
609,0,0,0,0,0,0,0,0,0,1,0,0,0,0,0,0
244,1,0,0,0,0,1,0,0,0,0,0,0,0,0,0,0
286,0,0,0,0,0,0,0,0,0,0,0,0,0,0,0,0
1877,0,0,0,0,0,0,0,1,0,0,0,0,0,1,0,0
939,0,0,0,0,0,1,0,0,0,0,0,0,0,0,0,0
811,1,0,0,0,0,1,0,0,0,0,0,0,1,0,0,0
2778,0,0,1,0,0,0,1,0,0,0,0,0,0,0,0,0
754,0,0,0,1,0,0,0,0,0,0,0,0,1,0,0,0
1887,0,0,0,0,0,1,0,0,1,0,0,0,0,0,0,0
411,1,0,0,0,0,0,1,1,0,0,0,0,0,0,0,0
961,1,0,1,0,0,0,0,0,0,0,0,0,0,0,0,0
2191,0,0,0,0,0,1,0,0,0,0,0,0,1,1,0,0
2047,0,0,0,1,0,1,0,0,0,0,0,0,0,0,0,0
1817,0,0,0,0,0,1,0,0,0,0,0,0,0,1,0,0
705,0,0,0,0,0,1,0,0,0,0,0,0,0,0,0,0
127,0,0,0,0,0,0,0,0,0,0,0,0,0,0,0,0
2207,1,0,0,1,0,0,0,0,0,0,0,0,0,0,0,0
657,0,0,0,0,0,0,0,0,0,0,0,0,0,0,0,0
2197,0,0,0,0,0,1,0,0,0,0,0,0,0,0,1,0
2438,0,0,0,0,0,0,0,0,0,0,0,0,0,0,0,0
1549,0,0,0,0,0,1,0,0,0,0,0,1,0,0,0,0
2813,0,0,0,1,0,1,0,0,0,0,0,0,0,1,0,0
757,0,0,0,1,0,1,0,0,0,0,0,0,0,1,0,0
1893,1,0,0,0,0,0,0,0,0,0,0,0,1,0,0,0
1859,0,0,1,0,0,0,0,0,0,0,0,1,0,0,0,0
3640,0,0,1,0,0,1,0,0,0,0,0,1,0,0,0,0
863,0,1,1,0,0,0,1,0,0,0,0,0,0,0,0,0
583,0,0,1,0,0,0,0,0,0,0,0,0,0,0,0,0
3124,0,0,0,0,0,0,0,0,0,1,0,0,1,0,0,0
1567,0,0,0,0,0,1,0,0,0,0,0,0,0,1,0,0
1662,0,0,0,0,0,1,0,0,0,0,0,0,0,1,0,0
853,0,0,0,0,0,0,0,0,0,0,0,0,0,0,1,0
1879,0,0,1,0,0,1,0,0,0,0,0,1,0,0,0,0
793,0,0,0,1,0,1,0,0,0,0,1,0,0,0,0,0
3763,0,0,0,0,0,0,0,0,0,1,0,0,0,0,0,0
2172,1,0,0,0,0,0,0,0,0,0,0,0,0,0,0,0
496,0,0,1,0,0,0,0,0,0,0,0,0,0,0,0,0
310,0,0,1,0,0,0,0,1,0,0,0,0,0,0,0,0
3764,0,0,0,0,0,1,0,0,0,0,0,0,0,0,0,0
3782,0,0,0,0,0,1,0,0,0,0,0,0,0,0,0,0
3766,0,0,0,1,0,1,0,0,0,0,1,0,0,0,0,0
665,1,0,0,0,0,1,0,0,0,0,0,0,0,0,0,0
1793,0,0,1,0,0,1,1,0,0,0,0,0,0,0,0,0
3025,0,0,0,0,0,0,0,0,0,1,0,1,1,0,0,0
2332,0,0,1,1,0,0,0,0,0,0,0,0,0,0,0,0
3780,0,0,0,0,0,1,0,0,0,0,0,0,0,0,0,0
2486,1,0,0,0,0,0,0,1,0,0,0,0,0,0,0,0
1807,0,0,0,1,0,1,0,0,0,0,0,0,0,0,0,0
3116,0,0,0,0,0,1,0,0,0,0,0,0,0,0,0,0
682,1,0,0,0,0,0,0,0,0,0,0,0,0,1,0,0
600,0,0,0,0,0,1,0,0,0,0,0,0,0,0,1,0
3784,0,0,1,0,0,1,0,0,0,0,0,1,0,0,0,0
530,0,0,0,0,0,0,0,0,0,0,0,0,0,0,0,0
791,0,0,0,0,0,0,0,0,0,1,0,0,0,1,0,0
3485,1,0,0,1,0,0,0,0,0,1,0,0,0,0,0,0
3767,0,0,0,0,0,1,0,0,0,0,0,1,0,1,0,0
2200,0,0,1,0,0,1,0,0,1,0,0,0,0,0,0,0
1899,0,0,0,0,0,1,0,0,0,0,0,0,0,0,0,0
2056,0,0,1,0,0,1,0,0,0,0,0,0,0,0,0,0
1369,1,0,0,0,0,0,0,0,0,0,0,0,0,1,0,0
698,1,0,0,0,0,0,0,0,0,0,0,0,0,1,0,0
864,0,0,1,0,0,0,0,0,0,0,0,0,0,0,0,0
149,0,1,0,0,0,0,0,0,0,0,0,0,1,0,0,0
1574,0,0,1,1,0,0,0,0,0,0,0,0,0,0,0,0
430,0,0,1,0,0,0,1,0,0,0,0,0,0,0,0,0
3064,0,0,1,0,0,0,0,1,0,0,0,0,1,0,0,0
251,0,0,0,0,0,1,0,1,0,0,0,0,0,1,0,0
2963,1,0,1,0,0,0,0,1,0,0,0,0,0,0,0,0
598,0,0,0,1,0,1,0,0,0,0,0,0,0,0,0,0
526,1,0,0,0,0,1,0,1,0,0,0,0,0,0,0,0
1718,0,0,0,0,0,0,0,0,0,0,0,0,0,0,0,1
2979,0,0,1,0,0,0,0,1,0,0,0,0,1,0,0,0
975,0,0,0,0,0,1,0,0,0,0,0,0,0,0,1,0
2576,0,0,0,0,0,1,0,0,1,0,0,0,0,0,0,0
3050,0,0,1,0,0,0,1,1,0,0,0,0,0,0,0,0
659,0,0,0,0,0,1,0,0,1,0,0,0,0,0,1,0
820,0,0,0,0,0,1,0,0,1,0,0,0,0,1,0,0
1538,0,0,0,1,0,1,0,0,0,0,0,0,0,1,0,0
178,0,0,0,0,0,1,0,0,0,0,0,0,0,1,0,0
1850,0,0,1,0,0,1,0,0,0,0,0,1,0,0,0,0
1493,0,0,1,1,0,0,0,0,0,0,0,0,0,0,0,0
2675,0,0,0,0,0,1,0,0,0,0,0,0,1,1,0,0
1880,0,0,0,0,0,0,0,0,0,0,0,0,0,1,0,0
561,0,0,0,0,0,1,0,1,0,1,0,0,0,0,0,0
439,0,0,1,0,0,1,0,0,0,0,0,0,0,0,0,0
1926,0,0,0,0,0,1,0,0,0,0,0,0,0,0,0,0
3084,0,0,0,0,0,1,0,1,1,0,0,0,0,0,0,0
624,0,0,0,0,0,0,0,0,0,0,0,0,0,0,0,0
1433,0,0,0,0,0,1,0,1,0,1,0,0,0,0,0,0
664,1,0,0,0,0,1,0,0,0,0,0,0,0,0,0,0
560,0,0,0,1,0,1,0,0,0,0,0,0,0,1,0,0
966,0,0,0,0,0,0,0,0,0,0,0,0,0,0,0,1
1825,0,0,0,0,0,1,0,0,0,0,0,0,0,0,0,0
2164,1,0,0,0,0,0,0,0,0,0,0,0,1,0,0,0
1572,0,0,0,0,0,0,0,0,0,0,0,0,0,1,0,0
279,0,0,0,0,0,1,0,0,1,0,0,0,0,0,0,0
2444,0,0,0,0,0,1,0,0,0,0,0,0,0,0,0,0
2623,0,0,0,0,0,1,0,0,0,0,0,1,0,0,0,0
1539,0,0,0,0,0,1,0,0,0,0,0,1,0,0,0,0
2309,1,0,0,0,0,0,1,1,0,0,0,0,0,0,0,0
124,0,0,0,0,0,1,0,1,0,0,0,0,0,0,0,0
887,0,0,0,0,0,0,0,0,0,0,0,0,0,0,0,0
108,0,0,0,0,0,1,0,0,0,0,1,0,0,0,0,0
3121,0,0,0,0,0,1,0,0,0,0,0,0,0,0,0,0
1878,1,0,1,0,0,1,0,0,0,0,0,0,0,0,0,0
1163,0,0,0,0,0,1,0,0,0,0,0,0,0,0,0,0
2179,0,0,1,0,0,0,0,0,0,0,0,0,0,0,0,0
1039,0,0,0,0,0,1,0,0,0,0,0,0,0,0,0,0
756,0,1,0,0,0,0,1,0,0,0,0,0,0,0,0,0
860,0,0,0,0,0,0,0,0,0,0,0,0,1,1,0,0
287,0,0,1,0,0,0,0,0,0,0,0,1,0,0,0,0
844,0,0,0,0,0,1,0,1,0,0,0,0,1,0,0,0
3003,1,0,0,0,0,0,0,1,0,0,0,0,1,0,0,0
3057,0,0,0,0,0,0,0,0,0,0,0,0,0,0,0,0
751,0,0,0,1,0,1,0,0,0,0,0,0,0,1,0,0
3164,0,0,0,0,0,0,0,0,0,0,0,0,0,0,0,0
1553,0,0,0,0,0,1,0,0,0,0,0,0,0,1,0,0
397,0,0,1,0,0,0,0,0,0,0,0,1,0,0,0,0
2189,0,0,1,0,0,0,0,0,0,0,0,1,0,0,0,0
3085,0,0,1,0,0,1,0,0,0,0,0,0,0,0,0,0
557,0,0,0,0,0,0,0,1,0,0,0,0,0,0,0,0
3603,0,0,1,0,0,0,0,0,0,1,0,0,0,0,0,0
3786,0,0,0,0,0,0,0,0,0,0,0,0,1,0,0,0
133,0,0,0,0,0,0,0,0,0,0,0,0,0,0,0,0
744,0,0,0,0,0,0,0,0,0,0,0,1,0,0,1,0
607,0,0,0,0,0,0,0,0,0,0,0,0,0,0,0,0
2666,0,0,0,0,0,0,0,0,0,0,1,0,1,0,0,0
3777,0,0,0,0,0,1,0,0,1,0,0,0,0,0,0,0
2760,0,0,0,1,0,1,0,0,0,0,0,0,0,1,0,0
2923,0,0,0,1,0,1,0,0,0,0,0,1,0,0,0,0
874,0,0,0,0,0,1,0,0,1,0,0,0,0,0,0,0
827,0,0,0,0,0,0,0,0,0,0,0,0,0,0,0,0
767,1,0,0,0,0,0,1,1,0,0,0,0,0,0,0,0
2487,0,0,0,0,0,1,0,0,0,0,0,0,0,1,0,0
1891,1,0,0,0,0,0,0,0,0,0,0,0,1,0,0,0
226,0,0,0,0,0,0,0,0,0,0,0,0,0,0,0,0
2608,0,0,1,0,0,0,0,1,0,0,0,0,0,0,0,0
2998,0,0,0,0,0,1,0,0,0,0,0,1,0,0,0,0
200,1,0,0,0,0,0,0,0,0,0,0,0,1,0,0,0
3293,0,0,0,0,1,1,0,0,0,0,0,0,0,0,0,0
1811,0,0,1,0,0,1,0,0,0,0,0,0,1,0,0,0
1555,0,0,1,0,0,1,0,0,0,0,0,1,0,0,0,0
652,1,0,0,0,0,1,0,0,0,0,0,0,0,0,1,0
878,0,0,0,0,0,0,0,0,0,0,0,0,0,0,0,0
148,0,0,0,0,0,1,0,0,0,0,0,1,0,0,0,0
3056,0,0,0,0,0,1,0,0,0,1,0,0,0,0,0,0
977,1,0,0,0,0,1,0,0,0,0,0,1,0,0,0,0
696,0,0,1,0,0,1,0,0,0,0,0,1,0,0,0,0
868,0,0,0,0,0,0,0,0,0,0,0,0,0,0,0,0
1782,0,0,0,0,0,1,0,0,0,0,1,0,0,1,0,0
3592,0,0,0,0,0,0,0,1,0,1,0,0,0,0,0,0
1659,0,0,1,0,0,0,0,0,0,0,0,0,0,0,0,1
889,0,0,0,0,0,0,0,0,0,0,0,0,0,0,0,0
460,0,0,1,0,0,0,0,0,0,0,0,0,0,0,0,0
3877,0,0,0,0,0,1,0,0,0,0,0,0,0,0,0,0
2777,0,0,0,0,0,1,0,0,0,0,0,0,0,0,0,0
67,0,0,0,0,0,0,0,0,0,0,0,0,0,0,0,0
3870,0,0,0,0,0,1,0,0,1,0,0,1,0,0,0,0
3875,0,0,0,0,0,1,0,0,0,0,0,0,0,0,0,0
33,0,0,0,0,0,0,0,0,0,0,0,0,0,0,0,1
311,0,0,0,0,0,0,0,0,0,0,0,0,0,0,0,0
572,0,0,0,0,0,0,0,0,0,1,1,0,0,1,0,0
815,0,0,1,0,0,1,1,0,0,0,0,0,0,0,0,0
1561,0,0,0,0,0,1,0,0,0,0,0,0,0,0,0,0
3065,0,0,0,0,0,0,0,0,0,0,0,0,0,0,0,0
129,1,1,0,0,0,0,0,1,0,0,0,0,0,0,0,0
1724,0,0,0,0,0,0,0,0,0,0,0,0,0,0,0,0
630,1,0,0,0,0,0,1,1,0,0,0,0,0,0,0,0
3001,0,0,1,1,0,0,0,0,0,0,0,1,0,0,0,0
623,0,0,1,1,0,0,0,0,0,0,0,0,0,0,0,0
2911,0,0,0,1,0,0,0,0,1,0,0,0,0,0,0,0
245,0,0,1,0,0,1,0,0,0,0,0,1,0,0,0,0
120,1,0,0,0,0,0,0,1,0,0,0,0,0,0,0,0
3865,0,0,0,0,0,1,0,0,0,0,0,0,0,0,0,0
3597,0,0,0,0,0,0,0,0,0,1,1,0,0,1,0,0
872,0,0,0,0,0,0,0,0,0,0,0,0,0,0,0,0
1444,0,0,1,0,0,1,0,0,0,0,0,0,0,0,0,0
614,0,0,0,0,0,1,0,0,0,0,0,0,0,0,0,0
2830,0,0,1,0,0,0,0,0,0,0,0,1,0,0,0,0
1058,0,0,0,0,0,1,0,0,0,0,0,1,0,0,0,0
3941,0,0,1,0,0,0,0,0,0,0,0,0,0,0,0,0
3936,0,0,1,0,0,0,0,0,0,0,0,0,0,0,0,0
3937,0,0,1,0,0,0,0,0,0,0,0,0,0,0,0,0
3938,0,0,1,0,0,0,0,0,0,0,0,0,0,0,0,0
212,0,0,1,1,0,0,0,0,0,0,0,0,0,0,0,0
679,0,0,0,0,0,0,0,0,0,0,0,0,0,0,0,0
1430,0,0,0,0,0,0,0,0,0,0,0,0,0,0,0,0
1534,1,0,0,0,0,0,0,0,0,0,0,0,0,0,0,0
1890,0,0,0,0,0,1,0,0,0,0,0,1,0,0,0,0
2768,0,0,0,1,0,1,0,0,0,0,0,0,0,1,0,0
3162,0,0,0,0,0,0,0,0,0,1,0,0,0,0,0,0
1787,0,0,0,0,0,1,0,0,0,0,0,1,0,0,0,0
776,0,0,1,0,0,1,0,0,0,0,0,1,0,0,0,0
3934,0,0,1,1,0,1,0,0,0,0,0,0,0,0,0,0
787,0,0,1,0,0,1,0,0,0,0,0,0,0,0,0,0
1830,0,0,0,0,0,0,0,0,0,0,0,0,0,0,0,0
3935,0,0,0,0,0,1,0,0,0,0,0,0,0,0,0,0
3933,0,1,0,0,0,0,0,1,0,0,0,1,0,0,0,0
2769,0,0,1,0,0,1,0,0,0,0,0,0,0,0,0,0
1871,1,0,1,1,0,0,0,0,0,0,0,0,0,0,0,0
3902,0,0,0,0,0,1,0,0,0,0,0,0,0,0,0,0
2887,0,0,0,0,0,0,0,0,0,0,0,0,0,0,0,0
1915,0,0,0,0,0,0,0,0,0,0,0,0,0,0,0,0
406,0,0,0,0,0,1,0,0,0,0,0,0,0,0,0,0
790,0,0,0,0,0,0,0,0,0,0,0,0,0,0,0,0
3595,0,0,0,0,0,0,0,0,0,0,0,0,0,1,0,0
655,0,0,0,0,0,0,0,0,0,0,0,0,0,0,0,0
834,0,0,0,0,0,0,0,0,0,0,0,0,0,0,0,0
706,0,0,0,0,0,0,0,0,0,0,0,0,0,0,0,0
139,0,0,0,0,0,0,0,0,0,0,0,0,0,0,0,0
980,0,0,0,0,0,1,0,0,0,0,0,0,0,0,0,1
642,0,0,0,0,0,0,0,0,0,0,0,0,0,0,0,0
3131,0,0,0,0,0,0,0,0,0,0,0,0,0,0,0,0
2061,0,0,0,1,0,1,0,0,0,0,0,0,0,0,0,0
1652,0,0,1,1,0,0,0,0,0,0,0,0,0,0,0,0
98,0,0,0,0,0,0,0,0,0,0,0,0,0,0,0,0
643,0,0,0,0,0,1,0,0,1,0,0,0,0,0,0,0
3575,0,0,0,0,0,0,0,0,0,1,0,0,0,1,0,0
687,0,0,0,0,0,1,0,0,0,0,0,0,0,0,0,0
2039,0,0,0,0,0,0,0,0,0,0,0,0,0,0,0,0
2251,0,0,0,0,0,1,0,0,0,0,0,0,0,1,0,0
2619,0,0,0,0,0,0,0,0,0,0,0,0,0,0,0,0
895,0,0,0,0,0,1,0,0,1,0,0,0,0,0,0,0
142,0,0,0,0,0,0,0,0,0,0,0,0,0,0,0,0
672,1,0,0,0,0,0,1,1,0,0,0,0,0,0,0,0
2742,0,0,0,0,0,0,0,0,0,0,0,0,0,0,0,0
796,0,0,0,0,0,0,0,0,0,0,0,0,0,0,0,0
644,0,0,0,0,0,0,0,0,0,0,0,0,0,0,0,0
401,0,0,0,0,0,0,0,0,0,0,0,0,0,0,0,0
1040,0,0,0,0,0,1,0,0,0,0,0,0,0,0,0,0
3687,0,0,0,0,0,0,0,0,0,0,0,0,0,0,0,0
579,0,0,0,0,0,0,0,0,0,0,0,0,0,0,0,0
789,0,0,0,0,0,0,0,0,0,0,0,0,0,0,0,0
601,0,0,0,0,0,0,0,0,0,0,0,0,0,0,0,0
1852,0,0,0,0,0,0,0,0,0,0,0,0,0,0,0,0
859,0,0,0,0,0,0,0,0,0,0,0,0,0,0,0,0
660,0,0,0,0,0,0,0,0,0,0,0,0,0,0,0,0
651,0,0,0,0,0,0,0,0,0,0,0,0,0,0,0,0
1543,0,0,0,0,0,1,0,0,0,0,0,0,0,0,0,0
192,0,0,0,0,0,0,0,0,0,0,0,0,0,0,0,0
3542,0,0,0,0,0,0,0,0,0,0,0,0,0,0,0,0
1622,0,0,0,0,0,1,0,0,0,0,1,0,0,1,0,0
641,0,0,0,0,0,0,0,0,0,0,0,0,0,0,0,0
666,0,0,0,0,0,0,0,0,0,0,0,0,0,0,0,0
1115,0,0,0,0,0,0,0,0,0,0,0,0,0,0,0,0
2277,0,0,0,0,0,0,0,0,0,0,0,0,0,0,0,0
1630,0,0,0,0,0,0,0,0,0,0,0,0,0,0,0,0
758,0,0,0,0,0,0,0,0,0,0,0,0,0,0,0,0
3482,0,0,0,0,0,0,0,0,0,0,0,0,0,0,0,0
1636,0,0,1,0,0,0,0,1,0,0,0,1,0,0,0,0
792,0,0,0,0,0,0,0,0,0,0,0,0,0,0,0,0
1714,0,0,0,0,0,0,0,0,0,0,0,0,0,0,0,0
712,0,0,0,0,0,0,0,0,0,0,0,0,0,0,0,0
634,0,0,1,0,0,1,0,0,0,0,0,1,0,0,0,0
